#,Name,Height,Weight,Arm,Hand,Vertical,Broad,Position_Group,Converted_Height,Converted_Arm,Converted_Hand
QB,"Borltes, Blake",6050,232,32 7/8,9 3/8,"32.5""","9'7""",QB,77,32.875,9.375
QB,"Boyd, Tajh",6005,222,30 3/4,9 5/8,"30.5""","8'10""",QB,72.625,30.75,9.625
QB,"Bridgewater, Teddy",6021,214,33,9 1/4,"30""","9'5""",QB,74.125,33,9.25
QB,"Carr, Derek",6023,214,31 1/2,9 1/8,"34.5""","9'2""",QB,74.375,31.5,9.125
QB,"Fales, David",6015,212,31 3/4,9 1/4,"28""","8'7""",QB,73.625,31.75,9.25
QB,"Garoppolo, Jimmy",6022,226,31,9 1/4,"30.5""","9'2""",QB,74.25,31,9.25
QB,"Lynch, Jordan",6001,217,29 3/4,8 7/8,"29.5""","9'1""",QB,72.125,29.75,8.875
QB,"Manziel, Johnny",5116,207,31 3/8,9 3/4,"31.5""","9'5""",QB,71.75,31.375,9.75
QB,"Matthews, Jeff",6032,223,32 1/8,10 1/8,"25.5""","8'9""",QB,75.25,32.125,10.125
QB,"McCarron, A.J.",6032,220,31 1/2,10,"28""","8'3""",QB,75.25,31.5,10
QB,"Mettenberger, Zach",6050,224,32 3/8,9 3/4,NA,NA,QB,77,32.375,9.75
QB,"Morris, Stephen",6017,213,32 3/4,10 1/4,"30""","9'3""",QB,73.875,32.75,10.25
QB,"Murray, Aaraon",6000,207,30 5/8,9 1/8,NA,NA,QB,72,30.625,9.125
QB,"Renner, Bryn",6032,228,30 3/8,9 1/8,"35.5""",9',QB,75.25,30.375,9.125
QB,"Savage, Tom",6037,228,31 5/8,9 5/8,"27""","8'9""",QB,75.875,31.625,9.625
QB,"Shaw, Connor",6003,206,30,9 1/4,"34""","9'8""",QB,72.375,30,9.25
QB,"Thomas, Logan",6061,248,34 1/4,10 7/8,"35.5""","9'10""",QB,78.125,34.25,10.875
QB,"Vaughan, Dustin",6047,235,33,8 7/8,"29""",9',QB,76.875,33,8.875
QB,"Wenning, Keith",6025,218,31 1/4,10,"28""","8'4""",QB,74.625,31.25,10
RB,"Andrews, Antonio",5101,225,31 1/4,9 1/2,"29.5""","8'10""",RB,70.125,31.25,9.5
RB,"Archer, Dri",5073,173,31,8 7/8,"38""","10'2""",RB,67.375,31,8.875
RB,"Atkinson, George",6013,218,33 1/4,9 3/8,"38""","10'1""",RB,73.375,33.25,9.375
RB,"Bibbs, Kapri",5093,212,31 3/8,8 1/2,"29""","8'10""",RB,69.375,31.375,8.5
RB,"Blue, Alfred",6023,223,32 3/8,9 7/8,"32""","10'1""",RB,74.375,32.375,9.875
RB,"Carey, Ka'Deem",5093,207,31 3/4,9 1/2,"32.5""","9'7""",RB,69.375,31.75,9.5
RB,"Copeland, J.C.",5111,271,32,10,"28.5""","9'3""",RB,71.125,32,10
RB,"Cornett, Tim",6002,209,31,9 1/4,"34.5""","10'5""",RB,72.25,31,9.25
RB,"Crowell, Isaiah",5110,224,31 3/4,9 1/4,"38""","9'9""",RB,71,31.75,9.25
RB,"Flanders, Tim",5085,207,30 1/4,9 1/4,"32""","9'5""",RB,68.625,30.25,9.25
RB,"Fluellen, David",5111,224,33 3/8,9 1/8,"36.5""",10',RB,71.125,33.375,9.125
RB,"Freeman, Devota",5082,206,29 3/8,9 5/8,"31.5""","9'10""",RB,68.25,29.375,9.625
RB,"Gaffney, Tyler",5114,220,30 1/4,9,"36.5""","9'8""",RB,71.5,30.25,9
RB,"Grice, Marion",6000,208,32,9 1/4,NA,NA,RB,72,32,9.25
RB,"Hewitt, Ryan",6041,246,32,9 1/4,"33""","9'1""",RB,76.125,32,9.25
RB,"Hill, Jeremy",6005,233,32 5/8,10 3/8,"29.5""","9'5""",RB,72.625,32.625,10.375
RB,"Hyde, Carlos",5117,230,32,9 5/8,"34.5""","9'6""",RB,71.875,32,9.625
RB,"Johnson, Storm",6000,209,32,9 1/2,"35.5""","9'10""",RB,72,32,9.5
RB,"Josey, Henry",5081,194,30 1/4,9 1/2,"34.5""","9'10""",RB,68.125,30.25,9.5
RB,"Mason, Tre",5084,207,30,9,"38.5""","10'6""",RB,68.5,30,9
RB,"McKinnon, Jerick",5087,209,30 1/4,8 5/8,"40.5""",11',RB,68.875,30.25,8.625
RB,"Millard, Trey",6020,247,31,9 1/8,NA,NA,RB,74,31,9.125
RB,"Muema, Adam",5100,202,29 7/8,9 3/4,NA,NA,RB,70,29.875,9.75
RB,"Perkins, LaDarius",5073,195,31,9 5/8,"35.5""","10'4""",RB,67.375,31,9.625
RB,"Redd, Silas",5096,212,30 1/4,9,"37""","10'2""",RB,69.75,30.25,9
RB,"Sankey, Bishop",5094,209,31,10,"35.5""","10'6""",RB,69.5,31,10
RB,"Seastrunk, Lache",5094,201,30,9 1/4,"41.5""","11'2""",RB,69.5,30,9.25
RB,"Sims, Charles",5111,214,31,8 1/4,"37.5""","10'6""",RB,71.125,31,8.25
RB,"Smith, Jerome",5110,220,30 7/8,9 3/4,"36""","9'10""",RB,71,30.875,9.75
RB,"Taliaferro, Lorenzo",6002,229,32,8 3/8,"33""","9'10""",RB,72.25,32,8.375
RB,"Thomas, De'Anthony",5085,174,29 7/8,8 1/8,"32""","10'4""",RB,68.625,29.875,8.125
RB,"West, Terrance",5092,225,31,9 1/8,"33.5""",10',RB,69.25,31,9.125
RB,"White,  James",5091,204,29 1/4,8 1/4,"32""","9'6""",RB,69.125,29.25,8.25
RB,"Wilder, James",6025,232,32,9 3/4,"35""","10'1""",RB,74.625,32,9.75
RB,"Williams, Andre",5113,230,33 1/2,9,"38""","10'9""",RB,71.375,33.5,9
RB,"Williams, Damien",5112,222,30 5/8,9 1/8,"35.5""","10'1""",RB,71.25,30.625,9.125
WO,"Abbrederis, Jared",6010,195,31 3/8,9 5/8,"30.5""","9'9""",WR,73,31.375,9.625
WO,"Adams, Davante",6007,212,32 5/8,9,"39.5""","10'3""",WR,72.875,32.625,9
WO,"Beckham, Odell",5112,198,32 3/4,10,"38.5""","10'2""",WR,71.25,32.75,10
WO,"Benjamin, Kelvin",6050,240,34 7/8,10 1/4,"32.5""","9'11""",WR,77,34.875,10.25
WO,"Boyd, Chris",6040,206,32 5/8,9 5/8,NA,NA,WR,76,32.625,9.625
WO,"Brown, Corey",5113,178,31 3/4,9 3/8,"33""","9'8""",WR,71.375,31.75,9.375
WO,"Brown, John",5100,179,30 1/2,8 1/2,"36.5""","9'11""",WR,70,30.5,8.5
WO,"Bryant, Martavis",6036,211,32 5/8,9 1/2,"39""","10'4""",WR,75.75,32.625,9.5
WO,"Burse, Isaiah",5103,188,30 1/4,8 3/8,"31""","9'7""",WR,70.375,30.25,8.375
WO,"Campanaro, Michael",5093,192,30,9 3/4,"39""","10'2""",WR,69.375,30,9.75
WO,"Coleman, Brandon",6060,225,34,9 1/4,"32.5""",NA,WR,78,34,9.25
WO,"Colter, Kain",5100,198,31,10,NA,NA,WR,70,31,10
WO,"Cooks, Brandin",5096,189,30 3/4,9 5/8,"36""",10',WR,69.75,30.75,9.625
WO,"Copeland, Damian",5110,184,31 3/8,9,"40""",10',WR,71,31.375,9
WO,"Davis, Mike",6000,197,32 3/4,10,NA,NA,WR,72,32.75,10
WO,"Ellington, Bruce",5093,197,31,9 5/8,"39.5""",10',WR,69.375,31,9.625
WO,"Enunwa, Quincy",6020,225,32 5/8,9 1/2,NA,NA,WR,74,32.625,9.5
WO,"Evans, Mike",6046,231,35 1/8,9 5/8,"37""",NA,WR,76.75,35.125,9.625
WO,"Evans, Shaq",6010,213,32,9 3/8,"34.5""","10'2""",WR,73,32,9.375
WO,"Fowler, Bennie",6010,217,32,9 1/2,"36""","10'6""",WR,73,32,9.5
WO,"Franklin, Austin",5110,189,31 1/4,10,"36""","10'4""",WR,71,31.25,10
WO,"Gallon, Jeremy",5070,185,29 1/2,9 3/8,NA,NA,WR,67,29.5,9.375
WO,"Grant, Ryan",6003,199,31,9 5/8,"35.5""","9'11""",WR,72.375,31,9.625
WO,"Hazel, Matt",6010,198,31 3/8,9 1/8,"36.5""","9'10""",WR,73,31.375,9.125
WO,"Herron, Robert",5091,193,30 1/2,9 3/4,"35.5""","10'5""",WR,69.125,30.5,9.75
WO,"Hoffman, Cody",6037,223,33 1/4,9 3/4,"27.5""",9',WR,75.875,33.25,9.75
WO,"Huff, Josh",5112,206,31 1/4,9 3/8,"35.5""","9'8""",WR,71.25,31.25,9.375
WO,"Hurns, Allen",6012,198,32,9 1/4,"31""",10',WR,73.25,32,9.25
WO,"Janis, Jeff",6027,219,32 1/2,9,"37.5""","10'3""",WR,74.875,32.5,9
WO,"Jones, T.J.",5115,188,30 5/8,10,"33""","9'11""",WR,71.625,30.625,10
WO,"Landry, Jarvis",5114,205,31 1/4,10 1/4,"28.5""","9'2""",WR,71.5,31.25,10.25
WO,"Latimer, Cody",6020,215,32 5/8,9 5/8,NA,NA,WR,74,32.625,9.625
WO,"Lee, Marqise",5116,192,31 3/4,9 1/2,"38""","10'7""",WR,71.75,31.75,9.5
WO,"Lucas, Marcus",6040,218,33 5/8,9 3/8,"36""","10'4""",WR,76,33.625,9.375
WO,"Matthews, Jordan",6031,212,33 1/4,10 3/8,"35.5""",10',WR,75.125,33.25,10.375
WO,"Moncrief, Donte",6023,221,32 3/8,9 1/8,"39.5""",11',WR,74.375,32.375,9.125
WO,"Norwood, Kevin",6020,198,32 1/8,10,"33""","10'1""",WR,74,32.125,10
WO,"Powell, Walt",5113,189,31 5/8,9 1/2,"31.5""",10',WR,71.375,31.625,9.5
WO,"Reese, Tevin",5104,163,31 5/8,8 5/8,"41""",11',WR,70.5,31.625,8.625
WO,"Richardson, Paul",6003,175,32 5/8,8 7/8,"38""","10'4""",WR,72.375,32.625,8.875
WO,"Robinson, Allan",6025,220,32,9 1/2,"39""","10'7""",WR,74.625,32,9.5
WO,"Saunders, Jalen",5087,163,30,8 7/8,"34""","10'2""",WR,68.875,30,8.875
WO,"Snead, Willie",5110,195,33,10 1/4,"33.5""","9'5""",WR,71,33,10.25
WO,"Stewart, Josh",5097,178,30,9 3/8,"35""","9'9""",WR,69.875,30,9.375
WO,"Street, Devin",6027,198,33 3/8,9 1/4,"37""","10'4""",WR,74.875,33.375,9.25
WO,"Washington, L'Damian",6037,195,33 3/8,9,"32""","9'7""",WR,75.875,33.375,9
WO,"Watkins, Sammy",6006,211,32,9 5/8,"34""","10'6""",WR,72.75,32,9.625
WO,"Wilson, Albert",5093,202,30 3/8,9 1/8,"37.5""","10'3""",WR,69.375,30.375,9.125
TE,"Amaro, Jace",6053,265,34.0,9,"33""","9'10""",TE,77.375,34,9
TE,"Blanchflower, Rob",6040,256,33 3/4,9 5/8,NA,NA,TE,76,33.75,9.625
TE,"Burton, Trey",6021,224,31.0,9 3/8,"30""","9'4""",TE,74.125,31,9.375
TE,"Denham, Anthony",6044,235,33 3/8,10 1/2,"32.5""",NA,TE,76.5,33.375,10.5
TE,"Duncan, Joe Don",6030,268,32 3/8,10 1/8,NA,NA,TE,75,32.375,10.125
TR,"Ebron, Eric",6043,250,33 1/4,10,"32""",10',NA,76.375,33.25,10
TE,"Fiedorowicz, C.J.",6054,265,33.0,10 1/4,"31.5""","9'8""",TE,77.5,33,10.25
TE,"Gillmore, Crockett",6057,260,33 3/4,10 3/8,"33.5""",10',TE,77.875,33.75,10.375
TE,"Grimble, Xavier",6040,257,33 5/8,10 1/4,"26.5""","9'5""",TE,76,33.625,10.25
TE,"Jacobs, Nic",6050,269,34 1/8,10,NA,NA,TE,77,34.125,10
TE,"Jensen, Marcel",6056,259,34 7/8,9 7/8,"35""","9'7""",TE,77.75,34.875,9.875
TE,"Jordan, Reggie",6027,240,32 1/4,9 5/8,"30""","9'8""",TE,74.875,32.25,9.625
TE,"Leonard, A.C.",6023,252,33.0,9 1/4,"34""","10'8""",TE,74.375,33,9.25
TE,"Lyerla, Colt",6037,242,32 3/4,10 1/4,"39""","10'8""",TE,75.875,32.75,10.25
TE,"Lynch, Arthur",6045,258,32 1/2,10 1/8,"29.5""","9'8""",TE,76.625,32.5,10.125
TE,"Murphy, Jake",6040,249,31 3/4,10,"33""","9'6""",TE,76,31.75,10
TE,"Najvar, Jordan",6057,256,32 1/4,10,"32.5""","9'4""",TE,77.875,32.25,10
TE,"Niklas, Troy",6060,270,34 1/8,10,"32""","9'6""",TE,78,34.125,10
TE,"Pedersen, Jacob",6034,238,31 3/4,9,"28.5""","9'3""",TE,75.5,31.75,9
TE,"Rodgers, Richard",6040,257,32 5/8,10 1/8,"31.5""","9'8""",TE,76,32.625,10.125
TE,"Seferian-Jenkins, Austin",6050,262,33 3/4,9 3/4,NA,NA,TE,77,33.75,9.75
TE,"Tialavea, D.J.",6030,267,33 5/8,9 1/4,NA,NA,TE,75,33.625,9.25
OL,"Armstrong, Matt",6021,302,33.0,10 5/8,NA,NA,OL,74.125,33,10.625
OL,"Bitonio, Joel",6042,302,33 7/8,9 5/8,"32""","9'6""",OL,76.25,33.875,9.625
OL,"Bodine, Russell",6031,310,32 1/2,10,"29""","9'1""",OL,75.125,32.5,10
OL,"Boffeli, Conor",6041,298,32.0,9 3/8,"25""","8'5""",OL,76.125,32,9.375
OL,"Britt, Justin",6057,325,33 1/2,10 1/4,"27.5""","8'4""",OL,77.875,33.5,10.25
0L,"Dozier, Dakota",6035,313,33 7/8,9 7/8,"24""","8'5""",NA,75.625,33.875,9.875
0L,"Edwards, Kadeem",6042,313,35 1/2,9 1/2,"27""","8'3""",NA,76.25,35.5,9.5
OL,"Feiler, Matt",6057,330,32.0,9 1/2,"26.5""","8'7""",OL,77.875,32,9.5
OL,"Fleming, Cameron",6047,323,34.0,9 7/8,"23.5""","8'1""",OL,76.875,34,9.875
OL,"Fulton, Zach",6045,316,33 1/4,10 1/4,"24.5""","8'2""",OL,76.625,33.25,10.25
OL,"Groy, Ryan",6045,316,33 1/4,10 3/8,"26.5""",9',OL,76.625,33.25,10.375
OL,"Halapio, Jon",6034,323,33 5/8,10 1/4,"21.5""","8'4""",OL,75.5,33.625,10.25
OL,"Harrison, Jonotthan",6034,304,33 3/8,9 7/8,"27""","9'5""",OL,75.5,33.375,9.875
OL,"Henderson, Seantrel",6071,331,34 5/8,10 1/2,"24""","7'11""",OL,79.125,34.625,10.5
OL,"Hurst, James",6050,296,33 3/4,10 1/8,NA,NA,OL,77,33.75,10.125
OL,"Ikard, Gabe",6035,304,33 1/8,9 5/8,"26""","8'7""",OL,75.625,33.125,9.625
OL,"Jackson, Gabe",6032,336,33 3/4,10,"29""",9',OL,75.25,33.75,10
OL,"James, Ja'Wuan",6060,311,35.0,9 7/8,"29""","8'7""",OL,78,35,9.875
OL,"Johnson, Wesley",6053,297,33 1/8,10 1/4,"29""","9'3""",OL,77.375,33.125,10.25
OL,"Larsen, Tyler",6040,313,31 1/2,9 1/4,"23.5""","8'6""",OL,76,31.5,9.25
OL,"Leno Jr., Charles",6040,304,34 3/8,10 1/8,"29""",9',OL,76,34.375,10.125
OL,"Lewan, Taylor",6071,309,33 7/8,9 1/4,"30.5""","9'9""",OL,79.125,33.875,9.25
OL,"Linder, Brandon",6055,311,34 1/2,10 1/4,"26.5""","8'4""",OL,77.625,34.5,10.25
OL,"Linsley, Corey",6030,296,32.0,9 7/8,"27""",NA,OL,75,32,9.875
OL,"Long, Spencer",6050,320,33 1/8,10 3/4,NA,NA,OL,77,33.125,10.75
OL,"Lucas, Luke",6080,316,36 3/4,10,NA,NA,OL,80,36.75,10
OL,"Martin, Marcus",6030,320,34.0,10,NA,NA,OL,75,34,10
OL,"Martin, Zack",6040,308,32 7/8,9 1/2,"28""","8'10""",OL,76,32.875,9.5
OL,"Matthews, Jake",6054,308,33 3/8,9 7/8,"30.5""","8'9""",OL,77.5,33.375,9.875
OL,"Mewhort, Jack",6060,309,34.0,9 3/4,"26""","8'5""",OL,78,34,9.75
OL,"Moses, Morgan",6060,314,35 3/8,9 7/8,"21.5""","8'10""",OL,78,35.375,9.875
OL,"Paradis, Matthew",6025,306,32 3/8,9 7/8,"26""","8'7""",OL,74.625,32.375,9.875
OL,"Patchan, Matt",6062,302,33.0,9 3/8,"33.5""",NA,OL,78.25,33,9.375
OL,"Richardson, Antonio",6056,336,35.0,10 1/4,"24.5""",NA,OL,77.75,35,10.25
OL,"Richardson, Cyril",6046,329,34 5/8,9 1/2,"25.5""","7'7""",OL,76.75,34.625,9.5
OL,"Richburg, Weston",6033,298,33 3/8,9 1/4,"26.5""","8'10""",OL,75.375,33.375,9.25
OL,"Robinson, Greg",6050,332,35.0,10,"28.5""","9'5""",OL,77,35,10
OL,"Schofield, Michael",6065,301,34.0,9 5/8,"24""","7'9""",OL,78.625,34,9.625
OL,"Steen, Anthony",6030,314,30 1/2,9 1/8,NA,NA,OL,75,30.5,9.125
OL,"Stone, James",6035,306,33 7/8,10 1/8,"27.5""","8'9""",OL,75.625,33.875,10.125
OL,"Stork, Bryan",6040,315,32 1/4,10 1/8,NA,NA,OL,76,32.25,10.125
OL,"Su'a-Filo, Xavier",6041,307,33 3/8,9 3/8,"25""","8'6""",OL,76.125,33.375,9.375
OL,"Swanson, Travis",6050,312,33 1/8,10,"26""","7'11""",OL,77,33.125,10
OL,"Thomas, Brandon",6032,317,34 3/4,10 1/2,"29""","8'2""",OL,75.25,34.75,10.5
OL,"Turner, Billy",6047,315,34.0,10,"28""","9'1""",OL,76.875,34,10
OL,"Turner, Trai",6025,310,34.0,9 1/2,"27.5""",NA,OL,74.625,34,9.5
OL,"Urschel, John",6030,313,33.0,10 3/8,"29""","8'6""",OL,75,33,10.375
OL,"Watt, Chris",6030,310,32 3/4,9 1/2,NA,NA,OL,75,32.75,9.5
OL,"Yankey, David",6055,315,34.0,9 1/2,"28.5""","8'7""",OL,77.625,34,9.5
OL,"Kouandjio, Cyrus",6066,322,35 5/8,10 1/4,"27.5""","8'0""",OL,78.75,35.625,10.25
DL,"Bromely, Jay",6031,306,33 1/2,9 1/4,"33.5""","8'10""",DL,75.125,33.5,9.25
DL,"Carrethers, Ryan",6012,337,31 3/4,9 3/8,"26""","7'4""",DL,73.25,31.75,9.375
DL,"Clarke, Will",6061,271,34 5/8,9 7/8,"32""","9'4""",DL,78.125,34.625,9.875
DL,"Clowney, Jadeveon",6052,266,34 1/2,10,"37.5""","10'4""",DL,77.25,34.5,10
DL,"Coleman, Deandre",6050,314,34 3/8,10 1/4,NA,NA,DL,77,34.375,10.25
DL,"Crichton, Scott",6027,273,32 3/4,10 1/8,"31.5""",9',DL,74.875,32.75,10.125
DL,"Donald, Aaron",6006,285,32 5/8,9 7/8,"32""","9'8""",DL,72.75,32.625,9.875
DL,"Ealy, Kony",6040,273,34 1/4,9 1/2,"31""","9'6""",DL,76,34.25,9.5
DL,"Easley, Dominique",6020,288,32 7/8,9 3/4,NA,NA,DL,74,32.875,9.75
DL,"Edebali, Kasim",6020,253,32 3/4,9 1/2,"34.5""","9'7""",DL,74,32.75,9.5
DL,"Ellis, Justin",6014,334,33,10 1/8,"28""","7'8""",DL,73.5,33,10.125
DL,"Enemkpali, I.K.",6006,261,33 1/8,9 3/4,"34.5""","9'4""",DL,72.75,33.125,9.75
DL,"Ferguson, Ego",6030,315,32 1/4,10 3/4,NA,NA,DL,75,32.25,10.75
DL,"Ford, Dee",6020,252,32 7/8,10 1/4,NA,NA,DL,74,32.875,10.25
DL,"Gayle, James",6037,259,32 3/8,9 5/8,"37""","10'2""",DL,75.875,32.375,9.625
DL,"Hageman, Ra'Shede",6057,310,34 1/4,10 1/4,"35.5""","9'3""",DL,77.875,34.25,10.25
DL,"Hart, Taylor",6060,281,32 3/4,10 1/8,NA,NA,DL,78,32.75,10.125
DL,"Hyder, Kerry",6024,290,33 1/2,9 3/4,"29.5""",9',DL,74.5,33.5,9.75
DL,"Jeffcoat, Jackson",6030,247,33 7/8,9 5/8,"36""","10'3""",DL,75,33.875,9.625
DL,"Jernigan, Timmy",6015,298,31 5/8,9 5/8,"29.5""","8'6""",DL,73.625,31.625,9.625
DL,"Johnson, Anthony",6024,308,33,10 3/8,"24.5""","8'6""",DL,74.5,33,10.375
DL,"Jones, DaQuan",6036,322,33 1/2,9 5/8,"25.5""","8'5""",DL,75.75,33.5,9.625
DL,"Jones, Howard",6024,235,34 1/8,9 1/2,"40.5""","10'4""",DL,74.5,34.125,9.5
DL,"Kerr, Zach",6013,326,32 7/8,9 3/4,"28.5""","8'3""",DL,73.375,32.875,9.75
DL,"Lawrence, Demarcus",6027,251,33 3/4,11,"34.5""","9'5""",DL,74.875,33.75,11
DL,"Lynch, Aaron",6050,249,34,10 1/4,NA,NA,DL,77,34,10.25
DL,"Manumaleuna, Eathyn",6022,296,32 1/4,10,"28""","8'5""",DL,74.25,32.25,10
DL,"Marsh, Cassius",6040,252,32 3/4,9 1/2,"32""",9',DL,76,32.75,9.5
DL,"Martin, Kareem",6057,272,35,10,"35.5""","10'9""",DL,77.875,35,10
DL,"Mauro, Josh",6057,271,33,9 1/2,"32""","9'8""",DL,77.875,33,9.5
DL,"McCullers, Daniel",6070,352,36 5/8,11,"20.5""","8'1""",DL,79,36.625,11
DL,"Mims, Tevin",6040,260,33 1/2,9 3/8,"27.5""","9'1""",DL,76,33.5,9.375
DL,"Moore, Zach",6054,259,33 3/4,9 5/8,"33.5""","10'3""",DL,77.5,33.75,9.625
DL,"Newsome, Jonathan",6025,247,33 1/4,9 5/8,"34""","9'9""",DL,74.625,33.25,9.625
DL,"Nix III, Louis",6023,331,33,9 7/8,"25.5""","8'1""",DL,74.375,33,9.875
DL,"Pagan, Jeoffrey",6030,310,33,9 5/8,NA,NA,DL,75,33,9.625
DL,"Palepoi, Tenny",6014,298,30 1/2,9 7/8,"30.5""","9'3""",DL,73.5,30.5,9.875
DL,"Pennel, Mike",6042,332,33 3/8,9 7/8,"28.5""","8'6""",DL,76.25,33.375,9.875
DL,"Quarles, Kelcy",6036,297,33 1/4,9 3/8,"23.5""","8'6""",DL,75.75,33.25,9.375
DL,"Ramsey, Kaleb",6030,297,32 7/8,9 3/4,NA,NA,DL,75,32.875,9.75
DL,"Reid, Caruan",6021,302,33,10 1/2,"26.5""","8'10""",DL,74.125,33,10.5
DL,"Sam, Michael",6020,261,33 3/8,9 3/8,"25.5""","9'6""",DL,74,33.375,9.375
DL,"Smith, Chris",6010,266,34 1/8,9 1/2,"37""","10'1""",DL,73,34.125,9.5
DL,"Smith, Marcus",6033,251,34,10,"35""","10'1""",DL,75.375,34,10
DL,"Stephen, Shamar",6047,309,33 1/8,10,"30.5""","8'7""",DL,76.875,33.125,10
DL,"Stinson, Ed",6030,287,33 3/4,9 3/8,NA,NA,DL,75,33.75,9.375
DL,"Sutton, Will",6004,303,31 1 /4,10,"28.5""","8'3""",DL,72.5,31.25,10
DL,"Thomas, Robert",6010,327,33 7/8,10,NA,NA,DL,73,33.875,10
DL,"Thornton, Khyri",6025,304,32 1/2,9 1/2,"29""","9'4""",DL,74.625,32.5,9.5
DL,"Tuitt, Stephon",6050,304,34 3/4,10,NA,NA,DL,77,34.75,10
DL,"Uko, George",6025,284,33 1/4,10 1/8,"29.5""","9'2""",DL,74.625,33.25,10.125
DL,"Urban, Brent",6070,295,34 1/4,9 3/4,NA,NA,DL,79,34.25,9.75
DL,"Webster, Larry",6056,252,33 1/2,10 1/8,"36.5""","10'3""",DL,77.75,33.5,10.125
DL,"Westbrooks, Ethan",6034,267,33 1/4,9 5/8,"29""","9'2""",DL,75.5,33.25,9.625
DL,"Whaley, Chris",6030,269,32 1/8,9 1/8,NA,NA,DL,75,32.125,9.125
DL,"Wynn, Kerry",6050,266,31 3/4,9 1/8,"34""","9'5""",DL,77,31.75,9.125
LB,"Attaochu, Jeremiah",6030,252,33,9 7/8,NA,NA,LB,75,33,9.875
LB,"Barr, Anthony",6047,255,33 1/2,9 3/8,"34.5""","9'11""",LB,76.875,33.5,9.375
LB,"Barrow, Lamin",6013,237,33 3/8,10 3/8,"35""","10'3""",LB,73.375,33.375,10.375
LB,"Borland, Chris",5114,248,29 1/4,9 7/8,"31""","9'6""",LB,71.5,29.25,9.875
LB,"Bradford, Carl",6006,250,30 1/4,9 1/2,"37.5""","10'2""",LB,72.75,30.25,9.5
LB,"Brown, Jonathan",6003,238,33,9 3/8,"31""",9',LB,72.375,33,9.375
LB,"Brown, Preston",6012,251,33 1/2,10 1/4,"33""","9'8""",LB,73.25,33.5,10.25
LB,"Bullough, Max",6034,249,31,9 3/8,"31""","9'4""",LB,75.5,31,9.375
LB,"Fortt, Khairi",6022,248,33 5/8,10 1/8,"36""",10',LB,74.25,33.625,10.125
LB,"George, Jeremiah",5112,234,31 7/8,9 1/4,"33""","9'8""",LB,71.25,31.875,9.25
LB,"Hitchens, Anthony",6003,240,32 1/2,9 1/8,"31.5""","9'8""",LB,72.375,32.5,9.125
LB,"Hubbard, Adrian",6060,257,34 1/2,9 1/4,NA,"9'9""",LB,78,34.5,9.25
LB,"Jackson, Andrew",6010,254,32 1/2,9 1/2,NA,NA,LB,73,32.5,9.5
LB,"Jones, Christian",6031,240,33 1/2,9 5/8,"33.5""","9'7""",LB,75.125,33.5,9.625
LB,"Kennard, Devon",6030,249,33 3/8,9 3/8,"30""","9'5""",LB,75,33.375,9.375
LB,"Kirksey, Christian",6020,233,32 3/8,9 3/8,"32""","10'2""",LB,74,32.375,9.375
LB,"Lokombo, Bo",6021,225,33 3/8,9 7/8,NA,"10'2""",LB,74.125,33.375,9.875
LB,"Mack, Khalil",6025,251,33 1/4,10 1/4,"40""","10'8""",LB,74.625,33.25,10.25
LB,"Morris, James",6007,241,30 3/4,9 1/8,"34.5""","9'9""",LB,72.875,30.75,9.125
LB,"Mosley, C.J.",6020,234,33 3/8,10 3/4,"35""","9'10""",LB,74,33.375,10.75
LB,"Murphy, Trent",6050,250,33 7/8,11 1/8,"35.5""","9'10""",LB,77,33.875,11.125
LB,"Pierre-Louis, Kevin",6004,232,32 1/4,10 1/8,"39""","10'8""",LB,72.5,32.25,10.125
LB,"Powell, Ronald",6031,237,32 1/2,9 3/8,"35.5""","9'6""",LB,75.125,32.5,9.375
LB,"Reilly, Trevor",6050,245,32 1/4,9 1/2,NA,NA,LB,77,32.25,9.5
LB,"Shazier, Ryan",6010,237,32 3/8,10,"42""","10'10""",LB,73,32.375,10
LB,"Shembo, Prince",6013,253,33 1/8,10 1/2,"38.5""","10'2""",LB,73.375,33.125,10.5
LB,"Skov, Shayne",6020,245,30 5/8,10,NA,NA,LB,74,30.625,10
LB,"Smallwood, Yawin",6022,246,31 3/4,9 1/2,"36.5""",9',LB,74.25,31.75,9.5
LB,"Smith, Telvin",6030,218,32 1/2,10 1/4,"31.5""","9'11""",LB,75,32.5,10.25
LB,"Starr, Tyler",6041,250,32 1/2,9 1/2,"32""","9'8""",LB,76.125,32.5,9.5
LB,"Tripp, Jordan",6026,234,30 3/4,9 5/8,"37.5""",10',LB,74.75,30.75,9.625
LB,"Unga, Devin",6010,231,31 3/8,10,NA,NA,LB,73,31.375,10
LB,"Van Noy, Kyle",6031,243,31 5/8,9 5/8,"32.5""","9'4""",LB,75.125,31.625,9.625
LB,"Williamson, Avery",6010,246,32 3/4,9 1/2,"30.5""",10',LB,73,32.75,9.5
LB,"Zumwalt, Jordan",6040,235,31 1/4,8 3/4,"33""","9'8""",LB,76,31.25,8.75
DB,"Alexander, Mo",6012,220,32 5/8,8 7/8,"38""","10'3""",DB,73.25,32.625,8.875
DB,"Allen, Ricardo",5091,187,30,9 1/4,"35.5""","9'9""",DB,69.125,30,9.25
DB,"Bailey, Dion",5116,201,32,9 1/2,"34""","9'5""",DB,71.75,32,9.5
DB,"Belue, Deion",5110,182,31 1/2,8 1/8,NA,NA,DB,71,31.5,8.125
DB,"Benwikere, Bene",5106,195,30,9 1/8,"40.5""","10'2""",DB,70.75,30,9.125
DB,"Berhe, Nat",5104,193,30 5/8,8 1/2,"35.5""","9'9""",DB,70.5,30.625,8.5
DB,"Boston, Tre",5115,204,31 3/8,9 3/4,"35""","9'8""",DB,71.625,31.375,9.75
DB,"Breeland, Bashaud",5113,197,31 3/4,9,"34.5""","10'3""",DB,71.375,31.75,9
DB,"Brooks, Terrence",5107,198,31,9,"38""","9'11""",DB,70.875,31,9
DB,"Bucannon, Deone",6010,211,32 3/8,9 3/4,"36.5""","10'5""",DB,73,32.375,9.75
DB,"Carrie, Travis",6000,206,31 7/8,9 3/4,NA,NA,DB,72,31.875,9.75
DB,"Clinton-Dix, Ha Ha",6013,208,32 3/8,9,"33""","9'11""",DB,73.375,32.375,9
DB,"Cockrell, Ross",6000,191,29 7/8,9,"36.5""","10'2""",DB,72,29.875,9
DB,"Colvin, Aaron",5110,177,31,9 1/4,NA,NA,DB,71,31,9.25
DB,"Davis, Chris",5100,203,31,9 1/4,NA,NA,DB,70,31,9.25
DB,"Dennard, Darqueze",5107,199,30 1/4,9,NA,NA,DB,70.875,30.25,9
DB,"Desir, Pierre",6010,191,33,9 5/8,"35""","11'1""",DB,73,33,9.625
DB,"Dixon, Ahmad",6000,212,32 1/4,9 7/8,"32""","9'3""",DB,72,32.25,9.875
DB,"Dixon, Brandon",5114,203,32 1/2,9,"32.5""","9'9""",DB,71.5,32.5,9
DB,"Dowling, Jonathan",6026,190,33 1/8,9 1/4,"33.5""","9'10""",DB,74.75,33.125,9.25
DB,"Exum, Antone",5115,213,31 5/8,9 5/8,"35""","9'9""",DB,71.625,31.625,9.625
DB,"Fuller, Kyle",5116,190,32 7/8,9 3/8,"38.5""","10'8""",DB,71.75,32.875,9.375
DB,"Gaines, E.J.",5100,190,30 3/8,9 3/8,NA,NA,DB,70,30.375,9.375
DB,"Gaines, Phillip",6003,193,31 7/8,9 5/8,"36.5""","10'2""",DB,72.375,31.875,9.625
DB,"Gilbert, Justin",6001,202,33 1/8,8 5/8,"35.5""","10'6""",DB,72.125,33.125,8.625
DB,"Goodson, Demetri",5110,194,31 3/4,9 1/4,"37""","10'3""",DB,71,31.75,9.25
DB,"Hal, Andre",5103,188,30 1/2,8 5/8,"35.5""","9'11""",DB,70.375,30.5,8.625
DB,"Hampton, Victor",5090,197,31 1/4,9 1/4,"33.5""","9'10""",DB,69,31.25,9.25
DB,"Huff, Marqueston",5111,196,31 3/8,9,"35.5""","9'10""",DB,71.125,31.375,9
DB,"Jackson, Bennett",5117,195,31 3/8,9 1/4,"38""","10'8""",DB,71.875,31.375,9.25
DB,"James, Kendall",5104,180,29 1/2,8,"39""",NA,DB,70.5,29.5,8
DB,"Jean-Baptiste, Stanley",6025,218,32 3/8,8 5/8,"41.5""","10'8""",DB,74.625,32.375,8.625
DB,"Johnson, Dontae",6021,200,31 1/2,8 5/8,"38.5""","10'4""",DB,74.125,31.5,8.625
DB,"Joyner, Lamarcus",5080,184,31 1/2,9 1/4,"37.5""","10'4""",DB,68,31.5,9.25
DB,"Ladler, Kenny",6001,207,31 5/8,9 5/8,"36.5""","10'7""",DB,72.125,31.625,9.625
DB,"Lawson, Nevin",5094,190,31 1/2,9,"33""",10',DB,69.5,31.5,9
DB,"Lewis, Isaish",5097,211,31 1/2,9 5/8,"36.5""","10'2""",DB,69.875,31.5,9.625
DB,"Loston, Craig",6005,217,30 3/4,9 3/4,"32.5""","9'11""",DB,72.625,30.75,9.75
DB,"McDougle, Dexter",5100,196,30 5/8,9 5/8,NA,NA,DB,70,30.625,9.625
DB,"McGill, Keith",6033,211,33 1/4,10 1/4,"39""","10'9""",DB,75.375,33.25,10.25
DB,"Mitchell, Terrance",5111,192,30 1/8,8 1/2,"34""","9'9""",DB,71.125,30.125,8.5
DB,"Price, Jabari",5105,200,31 5/8,9 1/8,NA,NA,DB,70.625,31.625,9.125
DB,"Pryor, Calvin",5111,207,31 3/8,9 1/8,"34.5""","9'8""",DB,71.125,31.375,9.125
DB,"Purifoy, Loucheiz",5114,190,32 3/4,8 1/2,"35.5""",10',DB,71.5,32.75,8.5
DB,"Reaser, Keith",5100,189,30 3/4,9 1/2,NA,NA,DB,70,30.75,9.5
DB,"Reynolds, Ed",6010,207,30 3/4,8 1/2,"32.5""","9'9""",DB,73,30.75,8.5
DB,"Reynolds, Rashaad",5097,189,31 5/8,9 3/4,"37.5""","10'3""",DB,69.875,31.625,9.75
DB,"Roberson, Marcus",6002,191,31,9 1/4,"38.5""",10',DB,72.25,31,9.25
DB,"Roby, Bradley",5112,194,31 1/2,10 1/4,"32""","10'4""",DB,71.25,31.5,10.25
DB,"Sorensen, Daniel",6013,205,31,8 1/2,"32""","9'6""",DB,73.375,31,8.5
DB,"Southward, Dez",6000,211,30 5/8,10,NA,NA,DB,72,30.625,10
DB,"Sunseri, Vinnie",5110,210,30,10,NA,NA,DB,71,30,10
DB,"Thomas, Jemea",5092,192,30 5/8,10,"37""","10'5""",DB,69.25,30.625,10
DB,"Vereen, Brock",5115,199,30,8 1/4,"34""","9'9""",DB,71.625,30,8.25
DB,"Verrett, Jason",5094,189,30 5/8,9 1/4,"39""","10'8""",DB,69.5,30.625,9.25
DB,"Ward, Jimmie",5110,193,31,9 3/8,NA,NA,DB,71,31,9.375
DB,"Washington, Todd",5110,196,31 1/8,8 3/4,NA,NA,DB,71,31.125,8.75
DB,"Watkins, Jaylen",5114,194,30 5/8,9 5/8,NA,NA,DB,71.5,30.625,9.625
DB,"Westbtooks, Lavelle",5114,186,32 3/8,9 3/4,"36""","10'1""",DB,71.5,32.375,9.75
PK,"Boswell, Chris",6020,185,31 1/4,8 5/8,NA,NA,SPEC,74,31.25,8.625
PK,"Clarke, Steven",6050,231,31 3/4,9,NA,NA,SPEC,77,31.75,9
PK,"Fera, Anthony",6010,211,31.0,9 1/8,NA,NA,SPEC,73,31,9.125
PK,"Hocker, Zach",6000,189,30 1/8,8 5/8,NA,NA,SPEC,72,30.125,8.625
PK,"Hornsey, Tom",6030,221,31.0,9 1/8,NA,NA,SPEC,75,31,9.125
PK,"Leone, Richie",6030,211,31 3/4,8 7/8,NA,NA,SPEC,75,31.75,8.875
PK,"Mandell, Cody",6020,216,31 1/8,9 3/4,"27""",NA,SPEC,74,31.125,9.75
PK,"O'Donnell, Pat",6041,220,32 1/2,9 3/4,"30.5""",NA,SPEC,76.125,32.5,9.75
PK,"Santos, Cairo",5080,164,28 1/2,8 7/8,NA,NA,SPEC,68,28.5,8.875
NA,NA,NA,NA,NA,NA,NA,NA,NA,NA,NA,NA
ST,"Heit, Marcus",6030,258,31 3/8,9 7/8,NA,NA,SPEC,75,31.375,9.875
QB,"Bennett, Bryan",6022,211,31,9 1/2,"37""","10'5""",QB,74.25,31,9.5
QB,"Boone, Anthony",6002,231,31 5/8,9 5/8,"26.5""","8'4""",QB,72.25,31.625,9.625
QB,"Bridge, Brandon",6043,229,34 1/4,9 1/4,"33""","9'2""",QB,76.375,34.25,9.25
QB,"Carden, Shane",6017,218,33 1/4,9 3/4,"29.5""","8'8""",QB,73.875,33.25,9.75
QB,"Fajardo, Cody",6014,223,31 3/8,9 1/2,"32.5""","9'10""",QB,73.5,31.375,9.5
QB,"Grayson, Garrett",6020,213,30,10,NA,NA,QB,74,30,10
QB,"Halliday, Connor",6030,196,31 1/4,8 3/8,NA,NA,QB,75,31.25,8.375
QB,"Hundley, Brett",6032,226,32 1/8,10 1/2,"36""",10',QB,75.25,32.125,10.5
QB,"Lovelocke, Jerry",6044,248,34 1/4,10 1/2,"31.5""","9'5""",QB,76.5,34.25,10.5
QB,"Mannion, Sean",6055,229,33 1/2,9,"31""","8'9""",QB,77.625,33.5,9
QB,"Mariota, Marcus",6036,222,32,9 7/8,"36""","10'1""",QB,75.75,32,9.875
QB,"Marshall, Nick",6014,207,32 1/8,9 1/4,"37.5""","10'4""",QB,73.5,32.125,9.25
QB,"Petty, Bryce",6027,230,31 7/8,10,"34""","10'1""",QB,74.875,31.875,10
QB,"Sims, Blake",5114,218,31 1/2,9,"30.5""","9'7""",QB,71.5,31.5,9
QB,"Winston, Jameis",6036,231,32,9 3/8,"28.5""","8'7""",QB,75.75,32,9.375
RB,"Abdullah, Ameer",5086,205,30,8 5/8,"42.5""","10'10""",RB,68.75,30,8.625
RB,"Ajayi, Jay",5116,221,32,10,"39""","10'1""",RB,71.75,32,10
RB,"Allen, Buck",6004,221,31 3/4,9 3/8,"35.5""","10'1""",RB,72.5,31.75,9.375
RB,"Artis-Payne, Cameron",5096,212,29 5/8,8 7/8,"36.5""","9'10""",RB,69.75,29.625,8.875
RB,"Brown, Dominique",6020,234,32 3/8,9 1/2,NA,NA,RB,74,32.375,9.5
RB,"Brown, Malcolm",5113,224,32 3/4,10 1/4,"34.5""","9'9""",RB,71.375,32.75,10.25
RB,"Burton, Mike",5112,242,29 1/4,9 1/2,"33""","9'7""",RB,71.25,29.25,9.5
RB,"Catalon, B.J.",5073,186,30,9,"36""","9'6""",RB,67.375,30,9
RB,"Cobb, David",5110,229,31 5/8,9 3/8,"38.5""","10'1""",RB,71,31.625,9.375
RB,"Coleman, Tevin",5110,206,32,8 5/8,NA,NA,RB,71,32,8.625
RB,"Crockett, John",5116,217,31,9 3/4,"40""","10'5""",RB,71.75,31,9.75
RB,"Davis, Mike",5091,217,30 1/4,9 3/8,"34""","9'8""",RB,69.125,30.25,9.375
RB,"Dyer, Michael",5080,218,30 5/8,9 1/2,"34""",10',RB,68,30.625,9.5
RB,"Edwards, Jahwan",5094,220,31 5/8,8 7/8,"35.5""","9'9""",RB,69.5,31.625,8.875
RB,"Fowler, Jalston",5110,254,32 3/4,10 1/2,"33.5""","9'6""",RB,71,32.75,10.5
RB,"Gordon, Melvin",6005,215,32 3/8,9 3/4,"35""",10'6',RB,72.625,32.375,9.75
RB,"Gurley, Todd",6005,222,32 1/2,10,NA,NA,RB,72.625,32.5,10
RB,"Hart, Dee",5074,199,29 3/4,9,"33""","9'5""",RB,67.5,29.75,9
RB,"Heard, Braylon",5095,198,30 1/4,9,"30.5""","9'8""",RB,69.625,30.25,9
RB,"Hilliard, Kenny",5115,226,31 1/4,9 1/4,"27""",9'3',RB,71.625,31.25,9.25
RB,"Iosefa, Joey",5116,247,31 3/4,10 1/4,"31.5""","9'2""",RB,71.75,31.75,10.25
RB,"Johnson, David",6005,224,31 1/4,9 5/8,"41.5""","10'7""",RB,72.625,31.25,9.625
RB,"Johnson, Duke",5091,207,30 3/8,9 1/4,"33.5""","10'1""",RB,69.125,30.375,9.25
RB,"Johnson, Gus",5095,215,29 5/8,9 1/8,"36.5""",10',RB,69.625,29.625,9.125
RB,"Jones, Matt",6023,231,32,8 5/8,"31.5""",9'4',RB,74.375,32,8.625
RB,"Langford, Jeremy",5115,208,31 1/2,8 3/4,"34.5""","9'10""",RB,71.625,31.5,8.75
RB,"Magee, Terrence",5080,213,30,9,"37""","9'7""",RB,68,30,9
RB,"Murphy, Marcus",5083,193,31,8 5/8,"29""","9'1""",RB,68.375,31,8.625
RB,"Rawls, Thomas",5090,215,30 3/4,9 1/2,"35.5""","9'8""",RB,69,30.75,9.5
RB,"Robinson, Josh",5077,217,29 3/4,10 1/8,"32""","9'5""",RB,67.875,29.75,10.125
RB,"Scheuerman, Ross",5117,204,30,8 3/4,"33""","10'1""",RB,71.875,30,8.75
RB,"Varga, Tyler",5110,222,30 3/8,10 5/8,NA,NA,RB,71,30.375,10.625
RB,"Williams, Karlos",6006,230,33,9 3/4,"33.5""","9'9""",RB,72.75,33,9.75
RB,"Williams, Trey",5074,195,29 7/8,8 1/4,"33.5""","9'11""",RB,67.5,29.875,8.25
RB,"Yeldon, T.J.",6012,226,31 5/8,9,"36""",9'9',RB,73.25,31.625,9
RB,"Zenner, Zach",5114,223,32,9 5/8,"41""","10'1""",RB,71.5,32,9.625
WO,"Agholor, Nelson",6001,198,32 1/4,9 1/4,NA,NA,WR,72.125,32.25,9.25
WO,"Alford, Mario",5084,180,31 1/4,9 3/8,"34""","10'1""",WR,68.5,31.25,9.375
WO,"Anderson, Dres",6010,187,31 5/8,9 3/8,NA,NA,WR,73,31.625,9.375
WO,"Bell, Kenny",6011,197,31 5/8,9 1/4,"41.5""","10'9""",WR,73.125,31.625,9.25
WO,"Brown, Da'Ron",6001,205,32,10 1/4,"37""",10',WR,72.125,32,10.25
WO,"Clay, Kaelin",5095,195,30 7/8,9,"33""","9'5""",WR,69.625,30.875,9
WO,"Coates, Sammie",6013,212,33 3/8,9 3/8,"41""","10'11""",WR,73.375,33.375,9.375
WO,"Conley, Chris",6017,213,33 3/4,9 7/8,"45""","11'7""",WR,73.875,33.75,9.875
WO,"Cooper, Amari",6007,211,31 1/2,10,"33""",10',WR,72.875,31.5,10
WO,"Crowder, Jamison",5083,185,30 3/8,8 3/4,"37""","9'7""",WR,68.375,30.375,8.75
WO,"Daniels, DaVaris",6014,201,31 1/4,9,"37""","10'2""",WR,73.5,31.25,9
WO,"Davis, Devante",6027,220,32 3/8,9 1/2,"35.5""","9'7""",WR,74.875,32.375,9.5
WO,"Davis, Geremy",6023,216,32 1/4,9 1/2,"36.5""","10'4""",WR,74.375,32.25,9.5
WO,"Davis, Titus",6006,196,29 5/8,8 1/4,"32.5""","9'11""",WR,72.75,29.625,8.25
WO,"Diggs, Stefon",6000,195,31 1/4,10,"35""","9'7""",WR,72,31.25,10
WO,"Dorsett, Phillip",5093,185,30 1/4,9 3/8,"37""","10'2""",WR,69.375,30.25,9.375
WO,"Funchess, Devin",6042,232,33 1/2,9 3/4,"38.5""","10'2""",WR,76.25,33.5,9.75
WO,"Goodley, Antwan",5104,209,30 3/4,9 1/4,NA,NA,WR,70.5,30.75,9.25
WO,"Green-Beckham, Dorial",6051,237,32 1/2,9,"33.5""","9'11""",WR,77.125,32.5,9
WO,"Greene, Rashad",5113,182,31 5/8,9,"36.5""","10'2""",WR,71.375,31.625,9
WO,"Hall, Rannell",6003,198,30 1/2,8 5/8,"41""",11',WR,72.375,30.5,8.625
WO,"Hardy, Justin",5102,192,32 1/8,10,"36.5""","9'6""",WR,70.25,32.125,10
WO,"Harper, Josh",6007,191,30 7/8,8 3/4,"32""",9',WR,72.875,30.875,8.75
WO,"Jones, Christion",5101,182,30,9,"32.5""","9'11""",WR,70.125,30,9
WO,"Lewis, Dezmin",6036,214,32 1/2,9 7/8,"33.5""","9'11""",WR,75.75,32.5,9.875
WO,"Lippett, Tony",6024,192,32 3/4,9 7/8,"36""","9'6""",WR,74.5,32.75,9.875
WO,"Lockett, Tyler",5097,182,30,8 3/8,"35.5""","10'1""",WR,69.875,30,8.375
WO,"Long, Deon",5115,192,31,9 1/2,"34""",10',WR,71.625,31,9.5
WO,"Luckett, Tello",5116,211,31,9 1/4,"34""","9'10""",WR,71.75,31,9.25
WO,"Mayle, Vince",6020,224,31 3/4,9,"35.5""","9'9""",WR,74,31.75,9
WO,"McBride, Tre",6002,210,32 1/8,9,"38""","10'2""",WR,72.25,32.125,9
WO,"Montgomery, Ty",5117,221,31,10 1/8,"40.5""","10'1""",WR,71.875,31,10.125
WO,"Mumphery, Keith",5115,215,31 1/8,9 1/8,"32.5""","10'1""",WR,71.625,31.125,9.125
WO,"Nelson, J.J.",5102,156,31 1/8,8 1/4,"36""","10'7""",WR,70.25,31.125,8.25
WO,"Parker, DeVante",6025,209,33 1/4,9 1/4,"36.5""","10'5""",WR,74.625,33.25,9.25
WO,"Perriman, Breshad",6020,212,32,9 1/4,NA,NA,WR,74,32,9.25
WO,"Ruffin, Ezell",5115,218,31 1/8,8 3/4,"27.5""","9'2""",WR,71.625,31.125,8.75
WO,"Smelter, DeAndre",6021,226,32 5/8,11,NA,NA,WR,74.125,32.625,11
WO,"Smith, Devin",6003,196,31,9,"39""","10'2""",WR,72.375,31,9
WO,"Strong, Jaelen",6023,217,32 1/2,9,"42""","10'3""",WR,74.375,32.5,9
WO,"Waller, Darren",6061,238,33 1/4,9,"37""","10'5""",WR,78.125,33.25,9
WO,"White, DeAndrew",5114,193,31,9 1/8,"34.5""",10'3',WR,71.5,31,9.125
WO,"White, Kevin",6025,215,32 5/8,9 1/4,"36.5""","9'10""",WR,74.625,32.625,9.25
WO,"Worthy, Cam",6020,211,33 1/2,10 1/8,NA,NA,WR,74,33.5,10.125
TE,"Anderson, Rory ""Busta""",6050,244,32 1/4,8 3/4,NA,NA,TE,77,32.25,8.75
TE,NA,NA,NA,NA,NA,NA,NA,TE,NA,NA,NA
TE,"Bell, Blake",6062,252,33 1/8,10,"33""","9'8""",TE,78.25,33.125,10
TE,"Bibbs, E.J.",6020,258,31 1/8,10 1/4,NA,NA,TE,74,31.125,10.25
TE,"Boyle, Nick",6044,268,33 3/8,10 3/8,"30.5""","9'4""",TE,76.5,33.375,10.375
TE,"Christian, Gerald",6030,244,32 1/2,10 3/4,NA,NA,TE,75,32.5,10.75
TE,"Clear, Cameron",6053,277,33 5/8,9 5/8,"32""",9',TE,77.375,33.625,9.625
TE,"Derby, A.J.",6040,255,30 1/2,9 1/2,NA,NA,TE,76,30.5,9.5
TE,"Heuerman, Jeff",6050,254,33 1/4,10 1/8,NA,NA,TE,77,33.25,10.125
TE,"James, Jesse",6070,261,33,9 3/8,"37.5""","10'1""",TE,79,33,9.375
TE,"Koyack, Ben",6050,255,32 5/8,10 3/4,NA,NA,TE,77,32.625,10.75
TE,"Kroft, Tyler",6060,246,33,9 5/8,NA,NA,TE,78,33,9.625
TE,"O'Leary, Nick",6032,252,29 3/4,9 3/8,"30.5""","9'2""",TE,75.25,29.75,9.375
TE,"Pruitt, Mycole",6022,251,33 1/2,10 1/4,"38""","9'10""",TE,74.25,33.5,10.25
TE,"Saxton, Wes",6033,248,32,9 5/8,"36""","9'11""",TE,75.375,32,9.625
TE,"Sifrin, Jean",6052,245,33 3/8,11,"33""","9'6""",TE,77.25,33.375,11
TE,"Telfer, Randall",6055,250,33 1/2,9 5/8,NA,NA,TE,77.625,33.5,9.625
TE,"Tomlinson, Eric",6060,263,32 7/8,10,NA,"9'2""",TE,78,32.875,10
TE,"Walford, Clive",6040,251,34,10 1/4,"30.5""",10',TE,76,34,10.25
TE,"Williams, Maxx",6037,249,33 1/2,10 3/8,"34.5""","9'9""",TE,75.875,33.5,10.375
OL,"Bond, Al",6036,303,33 3/8,10 1/4,"23.5""","7'6""",OL,75.75,33.375,10.25
OL,"Boyko, Brett",6065,301,32,9,"25""","8'7""",OL,78.625,32,9
OL,"Brown, Jamon",6040,323,34 3/8,9 3/4,NA,NA,OL,76,34.375,9.75
OL,"Brown, Trenton",6084,355,36,10 7/8,"23.5""","8'1""",OL,80.5,36,10.875
OL,"Cann, A.J.",6030,313,32 5/8,10 1/4,NA,NA,OL,75,32.625,10.25
OL,"Clemmings, T.J.",6046,309,35 1/8,10 3/8,"32.5""","9'3""",OL,76.75,35.125,10.375
OL,"Cofield, Takoby",6042,310,34,10,"30""","8'5""",OL,76.25,34,10
OL,"Collins, La'El",6044,305,33 1/4,10 3/8,"27""",9',OL,76.5,33.25,10.375
OL,"Crisp, Rob",6065,301,34 1/2,10,"32.5""","8'11""",OL,78.625,34.5,10
OL,"Dismukes, Reese",6026,296,32 1/4,8 7/8,"27.5""","8'11""",OL,74.75,32.25,8.875
OL,"Donnal, Andrew",6057,313,33 1/2,10,"32""","8'5""",OL,77.875,33.5,10
OL,"Douglas, Jamil",6040,304,33 3/8,10 3/4,"29""","8'3""",OL,76,33.375,10.75
OL,"Erving, Cameron",6054,313,34 1/8,10 3/8,"30.5""","9'4""",OL,77.5,34.125,10.375
OL,"Fabuluje, Tayo",6063,353,34,9 7/8,"29.5""",NA,OL,78.375,34,9.875
OL,"Feliciano, Jon",6037,323,32 3/8,9 3/4,"26.5""","8'1""",OL,75.875,32.375,9.75
OL,"Finney, B.J.",6036,318,32,10,"24""","8'3""",OL,75.75,32,10
OL,"Fisher, Jake",6061,306,33 3/4,10 3/8,"32.5""",NA,OL,78.125,33.75,10.375
OL,"Flowers, Ereck",6062,329,34 1/2,9 7/8,NA,NA,OL,78.25,34.5,9.875
OL,"Gallik, Andy",6023,306,32 3/4,10 1/4,"27""","8'0""",OL,74.375,32.75,10.25
OL,"Garcia, Max",6040,309,33 1/8,10 1/4,NA,NA,OL,76,33.125,10.25
OL,"Gibson, Laurence",6056,305,35 1/8,10 3/8,"33.5""","9'5""",OL,77.75,35.125,10.375
OL,"Glowinski, Mark",6043,307,33 1/8,9 3/4,"29.5""","9'5""",OL,76.375,33.125,9.75
OL,NA,NA,NA,NA,NA,NA,NA,OL,NA,NA,NA
OL,"Grasu, Hronnis",6030,297,32 1/8,10 1/4,NA,NA,OL,75,32.125,10.25
OL,"Green, Chaz",6045,314,33 3/8,10 7/8,"29.5""","8'10""",OL,76.625,33.375,10.875
OL,"Hamilton, Chad",6020,292,34,9 3/8,NA,NA,OL,74,34,9.375
OL,"Harrison, Jarvis",6041,330,33 1/2,9 3/4,"29.5""","8'6""",OL,76.125,33.5,9.75
OL,"Hart, Bobby",6050,329,33,10 1/8,NA,NA,OL,77,33,10.125
OL,"Havenstein, Rob",6073,321,33 3/4,9 7/8,"28.5""","8'0""",OL,79.375,33.75,9.875
OL,"Hickey, Sean",6050,309,32 3/4,10 1/2,NA,NA,OL,77,32.75,10.5
OL,"Humphries, D.J.",6050,307,33 5/8,10,"31""","8'8""",OL,77,33.625,10
OL,"Jackson, Tre'",6036,330,32 5/8,10 7/8,"25""","8'0""",OL,75.75,32.625,10.875
OL,"Kouandjio, Arie",6050,310,34 1/8,10 7/8,NA,NA,OL,77,34.125,10.875
OL,"Mancz, Greg",6040,301,NA,10,NA,NA,OL,76,NA,10
OL,"Marpet, Ali",6037,307,33 3/8,10,"30.5""","9'0""",OL,75.875,33.375,10
OL,"Matias, Josue",6050,309,33 1/8,10,"17.5""","7'0""",OL,77,33.125,10
OL,"Miller, Darrian",6047,307,33,9 3/4,"25""","8'1""",OL,76.875,33,9.75
OL,"Miller, John",6024,303,33 1/4,10 1/4,"27""","8'8""",OL,74.5,33.25,10.25
OL,"Morse, Mitch",6053,305,32 1/4,9 1/4,"31""","9'4""",OL,77.375,32.25,9.25
OL,"Myers, Robert",6046,326,33 3/4,9 1/2,"27.5""","7'10""",OL,76.75,33.75,9.5
OL,"Ogbuehi, Cedric",6050,306,35 7/8,10,NA,NA,OL,77,35.875,10
OL,"Peat, Andrus",6067,313,34 3/8,10 5/8,"31""","8'9""",OL,78.875,34.375,10.625
OL,"Poole, Terry",6046,307,33 1/4,9 1/2,"31""","9'5""",OL,76.75,33.25,9.5
OL,"Poutasi, Jeremiah",6051,335,33 7/8,9 1/2,"26.5""","7'11""",OL,77.125,33.875,9.5
OL,"Robinson, Corey",6070,324,35 5/8,10 3/4,NA,NA,OL,79,35.625,10.75
OL,"Sambrailo, Ty",6057,311,33,10,"29""","8'1""",OL,77.875,33,10
OL,"Scherff, Brandon",6045,319,33 3/8,11,NA,NA,OL,76.625,33.375,11
OL,"Shead, Adam",6035,338,33 3/4,10 3/8,NA,NA,OL,75.625,33.75,10.375
OL,"Shepherd, Austin",6043,315,32 7/8,10,"29""","7'10""",OL,76.375,32.875,10
OL,"Smith, Donovan",6055,338,34 3/8,10 5/8,"32""","9'1""",OL,77.625,34.375,10.625
OL,"Thompson, Tyrus",6047,324,34 7/8,10 1/4,"29""","8'1""",OL,76.875,34.875,10.25
OL,"Tomlinson, Laken",6033,323,33 5/8,10 1/8,"31.5""","8'7""",OL,75.375,33.625,10.125
OL,"Williams, Daryl",6052,327,35,9 3/4,"26""","8'1""",OL,77.25,35,9.75
DL,"Anderson, Henry",6062,294,33 1/2,9 3/4,"30""","9'3""",DL,78.25,33.5,9.75
DL,"Armstead, Arik",6071,292,33,10 1/2,"34""","9'9""",DL,79.125,33,10.5
DL,"Barnes, Tavares",6036,282,33 1/8,8 1/2,NA,NA,DL,75.75,33.125,8.5
DL,"Beasley, Vic",6030,246,32 1/2,9 3/8,"41""","10'10""",DL,75,32.5,9.375
DL,"Bennett, Michael",6020,293,33 5/8,10 1/4,NA,NA,DL,74,33.625,10.25
DL,"Blackson, Angelo",6043,318,33 3/4,9 3/4,"31""","8'5""",DL,76.375,33.75,9.75
DL,"Brown, Malcom",6023,319,32 1/2,10,"29.5""","8'2""",DL,74.375,32.5,10
DL,"Chickillo, Anthony",6031,267,33 1/2,10 1/8,"34.5""","9'6""",DL,75.125,33.5,10.125
DL,"Clark, Frank",6027,271,34 3/8,10 1/8,"38.5""","9'10""",DL,74.875,34.375,10.125
DL,"Cooper, Xavier",6027,293,31 1/2,9 3/8,"29""","9'2""",DL,74.875,31.5,9.375
DL,"Covington, Christian",6020,289,33 1/4,10,NA,NA,DL,74,33.25,10
DL,"Crawford, Corey",6052,283,34 1/2,9 1/4,"33""","9'2""",DL,77.25,34.5,9.25
DL,"Davis, Carl",6045,320,34 5/8,11,"33""","8'7""",DL,76.625,34.625,11
DL,"Davidson, Tyeler",6015,316,34,10 3/4,NA,"8'9""",DL,73.625,34,10.75
DL,"Delaire, Ryan",6041,254,32 1/2,10 3/8,NA,NA,DL,76.125,32.5,10.375
DL,"Dubose, B.J.",6040,284,33,9 3/4,NA,NA,DL,76,33,9.75
DL,"Edwards Jr., Mario",6025,279,33 1/4,10 7/8,"32.5""",10',DL,74.625,33.25,10.875
DL,"Emanuel, Kyle",6032,255,31,9 3/8,"34""",10',DL,75.25,31,9.375
DL,"Flowers, Trey",6021,266,34 1/4,10,"36.5""","10'1""",DL,74.125,34.25,10
DL,"Fowler, Dante",6025,261,33 3/4,9 1/2,"32.5""","9'4""",DL,74.625,33.75,9.5
DL,"Golden, Markus",6023,260,31 1/8,10 1/2,NA,NA,DL,74.375,31.125,10.5
DL,"Goldman, Eddie",6040,336,33 1/8,10 1/8,NA,NA,DL,76,33.125,10.125
DL,"Gregory, Randy",6047,235,34,10,"36.5""","10'5""",DL,76.875,34,10
DL,"Hardison, Marcus",6030,307,33 1/2,10 3/8,NA,NA,DL,75,33.5,10.375
DL,"Harold, Eli",6031,247,33,9 3/8,"35""","10'3""",DL,75.125,33,9.375
DL,"Hodges, Zach",6024,250,34 1/4,9 7/8,"33.5""","10'5""",DL,74.5,34.25,9.875
DL,"Hunter, Danielle",6051,252,34 1/4,10 1/2,NA,NA,DL,77.125,34.25,10.5
DL,"Ifedi, Martin",6031,275,33 7/8,10,"31""","9'3""",DL,75.125,33.875,10
DL,"Jarrett, Grady",6006,304,32 3/8,10,"31""","9'4""",DL,72.75,32.375,10
DL,"Lott, Derrick",6040,314,33 5/8,9 1/8,"26.5""","8'10""",DL,76,33.625,9.125
DL,"Mbu, Joey",6027,313,35,9 1/4,"22.5""","8'1""",DL,74.875,35,9.25
DL,"McCarthy, Ellis",6045,338,34 1/8,9 7/8,"32""","9'1""",DL,76.625,34.125,9.875
DL,"Nunez-Roches, Rakeem",6022,307,32 5/8,10 1/8,"34""","9'6""",DL,74.25,32.625,10.125
DL,"Odighizuwa, Owa",6034,267,33 3/4,11,"39""","10'7""",DL,75.5,33.75,11
DL,"Orchard, Nate",6032,250,33 3/4,10 1/4,"31.5""","9'7""",DL,75.25,33.75,10.25
DL,"Orr, Leon",6047,323,34 1/8,9 3/8,"28""","8'4""",DL,76.875,34.125,9.375
DL,"Parry, David",6012,308,31,9 7/8,"29""","8'7""",DL,73.25,31,9.875
DL,"Phillips, Jordan",6052,329,34 3/4,9 3/8,"30""","8'9""",DL,77.25,34.75,9.375
DL,"Philon, Darius",6013,298,32 3/8,9 1/2,"31""","8'11""",DL,73.375,32.375,9.5
DL,"Ray, Shane",6025,245,33 1/8,9,NA,NA,DL,74.625,33.125,9
DL,"Reed, Cedric",6050,269,33 3/8,9 3/4,NA,NA,DL,77,33.375,9.75
DL,"Richardson, Bobby",6025,283,34 5/8,11,"32.5""","8'10""",DL,74.625,34.625,11
DL,"Russell, Ryan",6042,269,33 3/8,10 1/4,"32.5""","9'11""",DL,76.25,33.375,10.25
DL,"Shelton, Danny",6021,339,32,10 1/4,"30.5""","7'11""",DL,74.125,32,10.25
DL,"Simon, Deon",6043,321,33,10 1/2,"29.5""","8'9""",DL,76.375,33,10.5
DL,"Smith, Preston",6047,271,34,10 5/8,"34""","10'1""",DL,76.875,34,10.625
DL,"Smith, Za'Darius",6044,274,32 5/8,10,"29""","9'5""",DL,76.5,32.625,10
DL,"Surratt, J.T.",6010,304,32,10 1/8,"30""","8'10""",DL,73,32,10.125
DL,"Trail, Lyndon",6065,269,34 7/8,10 1/2,"32.5""","9'9""",DL,78.625,34.875,10.5
DL,"Trinca-Pasat, Louis",6010,290,31 7/8,10 1/8,"32""","8'9""",DL,73,31.875,10.125
DL,"Tull, Davis",6020,246,31 1/4,9 3/4,"42.5""",11',DL,74,31.25,9.75
DL,"Wagenmann, Zack",6030,247,33 1/2,9 1/2,"37.5""","9'1""",DL,75,33.5,9.5
DL,"Walton, L.T.",6047,319,32 1/4,10 1/4,"27""","8'7""",DL,76.875,32.25,10.25
DL,"Williams, Leonard",6045,302,34 5/8,10 5/8,"29.5""","8'10""",DL,76.625,34.625,10.625
DL,"Wright, Gabe",6026,300,32 5/8,10 3/4,"26.5""","8'4""",DL,74.75,32.625,10.75
LB,"Alexander, Kwon",6006,227,30 1/4,9 1/4,"36""","10'1""",LB,72.75,30.25,9.25
LB,"Anthony, Stephone",6025,243,32 1/2,10 3/8,"37""","10'2""",LB,74.625,32.5,10.375
LB,"Ball, Neiron",6020,236,33 5/8,9 3/8,NA,NA,LB,74,33.625,9.375
LB,"Cudjoe-Virgil, Yannik",6020,248,32 5/8,9 3/4,NA,NA,LB,74,32.625,9.75
LB,"Davis, Aaron",5115,225,31,9,"29""","8'11""",LB,71.625,31,9
LB,"Dawson, Paul",6001,235,31 1/2,9 1/2,"28""","9'1""",LB,72.125,31.5,9.5
LB,"Depriest, Trey",6000,254,31 5/8,9,NA,NA,LB,72,31.625,9
LB,"Dickson, Xzavier",6034,260,33 1/2,10,"29.5""","8'4""",LB,75.5,33.5,10
LB,"Dupree, Alvin ""Bud""",6040,269,32 5/8,9 3/4,"42""","11'6""",LB,76,32.625,9.75
LB,"Fua, Alani",6050,238,32,10 1/8,"34.5""","9'10""",LB,77,32,10.125
LB,"Grissom, Geneo",6033,262,33 3/8,10 1/4,"37""",9'9',LB,75.375,33.375,10.25
LB,"Owacham, Obum",6053,246,34 3/8,10,"36""","10'1""",LB,77.375,34.375,10
LB,"Hager, Bryce",6006,234,31 3/8,9,"35""","9'9""",LB,72.75,31.375,9
LB,"Heeney, Ben",6002,231,30 3/4,9,"33.5""",10',LB,72.25,30.75,9
LB,"Herrera, Amarlo",6005,244,32 3/4,9 5/8,"32""","9'3""",LB,72.625,32.75,9.625
LB,"Hicks, Jordan",6013,236,32,10,"38""","10'4""",LB,73.375,32,10
LB,"Hull, Mike",6000,237,30 1/2,9 3/8,NA,NA,LB,72,30.5,9.375
LB,NA,NA,NA,NA,NA,NA,NA,LB,NA,NA,NA
LB,"Jones, Taiwan",6025,245,34,10,"32""","9'7""",LB,74.625,34,10
LB,"Kendricks, Eric",6002,232,31,9 5/8,"38""","10'5""",LB,72.25,31,9.625
LB,"Kikaha, Hau'oli",6020,253,32 1/2,9 5/8,NA,NA,LB,74,32.5,9.625
LB,"Mauldin, Lorenzo",6035,259,33,9 7/8,"32""","9'4""",LB,75.625,33,9.875
LB,"McKinney, Bernardick",6041,246,33,9,"40.5""","10'1""",LB,76.125,33,9
LB,"Nzeocha, Mark",6020,232,33,10,NA,NA,LB,74,33,10
LB,"Perryman, Denzel",5106,236,31 7/8,9 1/2,"32""","9'5""",LB,70.75,31.875,9.5
LB,"Pullard, Hayes",6004,240,31 1/4,9 5/8,"31""",9'2',LB,72.5,31.25,9.625
LB,"Robinson, Edmond",6025,245,34,10 1/4,"37""","10'1""",LB,74.625,34,10.25
LB,"Ryan, Jake",6023,240,31,9 3/8,"34""",10',LB,74.375,31,9.375
LB,"Spaight, Martrell",5117,236,32 3/4,9 1/8,"35""",10',LB,71.875,32.75,9.125
LB,"Tavai, J.R.",6016,249,31 1/2,9 1/8,"30.5""",9'4',LB,73.75,31.5,9.125
LB,"Thompson, Shaq",6001,228,33,9 1/2,"33.5""","9'9""",LB,72.125,33,9.5
LB,"Valles, Max",6050,251,32 5/8,9 3/8,"36.5""","10'1""",LB,77,32.625,9.375
LB,"Washington, Tony",6035,247,33,9 1/2,"32.5""","9'2""",LB,75.625,33,9.5
LB,"Wilson, Damien",6000,245,33 3/4,9 3/8,"37""","9'11""",LB,72,33.75,9.375
LB,"Wilson, Ramik",6016,237,33,10 5/8,"35""","9'3""",LB,73.75,33,10.625
DB,"Amos, Adrian",6004,218,32 1/4,9 1/8,"35.5""","10'2""",DB,72.5,32.25,9.125
DB,"Bonner, Detrick",6001,207,31 1/7,8 7/8,NA,NA,DB,72.125,31.142857142857142,8.875
DB,"Campbell, Ibraheim",5110,208,30 3/8,10 1/4,NA,NA,DB,71,30.375,10.25
DB,"Carter, Alex",6001,196,32 1/8,9 1/8,"40""","10'1""",DB,72.125,32.125,9.125
DB,"Celiscar, D.C.",5107,194,31 3/8,9 1/4,NA,10',DB,70.875,31.375,9.25
DB,"Coleman, Justin",5110,185,31 1/4,9 3/8,"37.5""","10'4""",DB,71,31.25,9.375
DB,"Collins, Jalen",6014,203,32 1/8,9 3/8,"36""","10'4""",DB,73.5,32.125,9.375
DB,"Collins, Landon",6000,228,31 1/2,9 3/8,"35""",10',DB,72,31.5,9.375
DB,"Cox, Justin",6005,191,31 1/4,9,"38""","10'9""",DB,72.625,31.25,9
DB,"Darby, Ronald",5105,193,31 3/8,8 5/8,"41.5""","10'9""",DB,70.625,31.375,8.625
DB,"Diggs, Quandre",5091,196,29 5/8,9 5/8,"36.5""","9'5""",DB,69.125,29.625,9.625
DB,"Doss, Lorenzo",5103,182,29 3/4,9,"33.5""","9'7""",DB,70.375,29.75,9
DB,"Drummond, Kurtis",6005,208,32 1/4,10 3/8,"39.5""","9'11""",DB,72.625,32.25,10.375
DB,"Ekpre-Olomu, Ifo",5090,192,30 7/8,9 5/8,NA,NA,DB,69,30.875,9.625
DB,"Eskridge, Durell",6027,208,32 3/8,9 5/8,"31""","9'9""",DB,74.875,32.375,9.625
DB,"Gaines, Charles",5097,180,31 3/8,8 3/4,"34.5""","10'3""",DB,69.875,31.375,8.75
DB,"Geathers, Clayton",6015,218,31 5/8,9 1/8,"37""",10',DB,73.625,31.625,9.125
DB,"Glenn, Jacoby",6000,179,31 1/4,8 5/8,"34""","10'3""",DB,72,31.25,8.625
DB,"Golson, Senquez",5085,176,29 3/4,9 3/8,"33.5""",10',DB,68.625,29.75,9.375
DB,"Grant, Doran",5102,200,30 1/4,9 3/8,"33""","9'8""",DB,70.25,30.25,9.375
DB,"Gunter, Ladarius",6014,202,31 1/2,9 5/8,"33.5""",9',DB,73.5,31.5,9.625
DB,"Hackett, Chris",6002,195,31 1/2,9 7/8,"32""","9'2""",DB,72.25,31.5,9.875
DB,"Harris, Anthony",6010,183,31,9 1/4,NA,NA,DB,73,31,9.25
DB,"Hill, Troy",5104,182,29 1/2,8 3/4,"32.5""",10',DB,70.5,29.5,8.75
DB,"Holliman, Gerod",6000,218,32,9 1/2,NA,NA,DB,72,32,9.5
DB,"Jarrett, Kyshoen",5097,200,31,9 3/4,"33""","9'1""",DB,69.875,31,9.75
DB,"Jefferson, A.J.",6007,198,31 1/2,8 1/2,"33.5""","9'8""",DB,72.875,31.5,8.5
DB,"Johnson, Kevin",6002,188,31,8 3/8,"41.5""","10'10""",DB,72.25,31,8.375
DB,"Jones, Byron",6010,199,32,10,"44.5""","12'3""",DB,73,32,10
DB,"Mager, Craig",5114,201,29 3/4,9 1/ 4,"38""","10'10""",DB,71.5,29.75,9.25
DB,"Marlowe, Dean",6014,203,31,8 3/4,"33.5""","9'6""",DB,73.5,31,8.75
DB,"McCain, Bobby",5094,195,30 1/2,9,"36""","10'10""",DB,69.5,30.5,9
DB,"McDonald, Tevin",5113,195,29 3/4,9,"33""","9'4""",DB,71.375,29.75,9
DB,"Nelson, Steven",5101,197,30 5/8,9 1/4,"34.5""","9'7""",DB,70.125,30.625,9.25
DB,"Peters, Garry",5116,191,31 1/2,10,"32.5""","9'11""",DB,71.75,31.5,10
DB,"Peters, Marcus",5115,197,31 1/2,8 3/8,"37.5""","10'1""",DB,71.625,31.5,8.375
DB,"Prewitt, Cody",6020,208,32 5/8,9 1/8,"35""","10'5""",DB,74,32.625,9.125
DB,"Randall, Damarious",5107,196,30 1/4,8 5/8,"38""",10',DB,70.875,30.25,8.625
DB,"Richards, Jordan",5106,211,32 1/2,9 3/8,"32""","9'3""",DB,70.75,32.5,9.375
DB,"Rollins, Quinten",5111,195,30 1/4,9,"36.5""","10'2""",DB,71.125,30.25,9
DB,"Rowe, Eric",6006,205,31 1/2,9 1/2,"39""","10'5""",DB,72.75,31.5,9.5
DB,"Sample, James",6021,209,32,9 1/2,"32.5""","10'3""",DB,74.125,32,9.5
DB,"Shaw, Josh",6004,201,30 3/4,9,"37.5""","10'10""",DB,72.5,30.75,9
DB,"Shepherd, JaCorey",5110,199,30 5/8,8 5/8,NA,NA,DB,71,30.625,8.625
DB,"Smith, D'Joun",5100,187,30 3/8,8 1/8,"36""","10'4""",DB,70,30.375,8.125
DB,"Smith, Derron",5100,200,29 3/4,9,NA,NA,DB,70,29.75,9
DB,"Smith, Tye",6001,195,32,8 3/4,"36.5""","10'4""",DB,72.125,32,8.75
DB,"Swann, Damian",6000,189,31,8 7/8,"33""","9'10""",DB,72,31,8.875
DB,"Tartt, Jaquiski",6013,221,32 3/8,9 7/8,"35.5""","10'4""",DB,73.375,32.375,9.875
DB,"Waynes, Trae",6001,186,31,8 1/4,"38""","10'2""",DB,72.125,31,8.25
DB,"White, Kevin",5091,183,30 1/8,8 3/8,"35.5""","10'1""",DB,69.125,30.125,8.375
DB,"Whitehead, Jermaine",5110,197,31,9 3/8,"37""","10'8""",DB,71,31,9.375
DB,"Williams, P.J.",6000,194,31,8 5/8,"40""",11',DB,72,31,8.625
DB,"Wilson, Julian",6020,205,32 3/8,9 1/4,"36""","10'5""",DB,74,32.375,9.25
PK,"Baumann, Will",NA,187,32,9 1/8,NA,NA,SPEC,NA,32,9.125
PK,"Brindza, Kyle",6010,236,33 1/4,10,NA,NA,SPEC,73,33.25,10
PK,"Christy, Kyle",6020,202,30,8 7/8,NA,NA,SPEC,74,30,8.875
PK,"Ficken, Sam",6020,191,31,9,NA,NA,SPEC,74,31,9
PK,"Johnson, Will",6030,206,31 1/2,9,NA,NA,SPEC,75,31.5,9
PK,"Lambo, Josh",6000,216,29 1/2,9,NA,NA,SPEC,72,29.5,9
PK,"Loomis, Kyle",6020,221,32 1/4,9 7/8,NA,NA,SPEC,74,32.25,9.875
PK,"Manton, Justin",6020,196,32 1/2,8 3/4,NA,NA,SPEC,74,32.5,8.75
PK,"Pardula, Trevor",6050,227,32 5/8,9 1/2,NA,NA,SPEC,77,32.625,9.5
PK,"Pinion, Bradley",6060,229,32 1/4,10 1/8,NA,NA,SPEC,78,32.25,10.125
PK,"Roberts, Jared",6010,210,30 1/8,9,NA,NA,SPEC,73,30.125,9
PK,"Roth, Spencer",6050,227,32 1/4,9 1/2,NA,NA,SPEC,77,32.25,9.5
NA,NA,NA,NA,NA,NA,NA,NA,NA,NA,NA,NA
ST,"Cardona, Joe",6015,236,33 1/4,10,NA,NA,SPEC,73.625,33.25,10
QB,"Adams, Vernon",5107,200,30 1/4,9 1/8,"29.5""","9'6""",QB,70.875,30.25,9.125
QB,"Allen, Brandon",6013,217,31 1/4,8 7/8,"28""","9'2""",QB,73.375,31.25,8.875
QB,"Boykin, Trevone",6000,212,31 5/8,9 3/8,"32""","9'2""",QB,72,31.625,9.375
QB,"Brissett, Jacoby",6036,231,32 1/4,9 3/4,"31""","9'5""",QB,75.75,32.25,9.75
QB,"Cook, Connor",6040,217,33,9 3/4,"33""","9'5""",QB,76,33,9.75
QB,"Doughty, Brandon",6026,213,32,9 1/8,"27""","8'7""",QB,74.75,32,9.125
QB,"Driskel, Jeff",6040,234,33 1/2,9 3/4,"32""","10'2""",QB,76,33.5,9.75
QB,"Goff, Jared",6040,215,32 3/4,9,"27""","9'2""",QB,76,32.75,9
QB,"Hackenberg, Christian",6043,223,32,9,"31""","9'6""",QB,76.375,32,9
QB,"Hogan, Kevin",6032,218,32 3/8,10 1/4,"32.5""","9'5""",QB,75.25,32.375,10.25
QB,"Jones, Cardale",6050,253,33 3/4,9 3/4,"36""",NA,QB,77,33.75,9.75
QB,"Kessler, Cody",6012,220,32 5/8,10 7/8,"29.5""","8'8""",QB,73.25,32.625,10.875
QB,"Lynch, Paxton",6065,244,34 1/4,10 1/4,"36""","9'10""",QB,78.625,34.25,10.25
QB,"Prescott, Dak",6024,226,32 1/4,10 7/8,"32.5""","9'8""",QB,74.5,32.25,10.875
QB,"Stave, Joel",6052,236,33 1/4,10 3/4,"33.5""","9'7""",QB,77.25,33.25,10.75
QB,"Sudfeld, Nate",6060,234,34 1/4,9 7/8,"29""","8'9""",QB,78,34.25,9.875
QB,"Wentz, Carson",6052,237,33 1/4,10,"30.5""","9'10""",QB,77.25,33.25,10
QB,"Woodrum, Josh",6027,231,31 7/8,9 1/4,"31""","9'9""",QB,74.875,31.875,9.25
RB,"Barber, Peyton",5100,228,30 1/4,9 3/8,"32.5""","9'3""",RB,70,30.25,9.375
RB,"Booker, Devontae",5106,219,31 5/8,8 5/8,NA,NA,RB,70.75,31.625,8.625
RB,"Carson, Tra",5111,227,31 1/2,9 1/4,NA,NA,RB,71.125,31.5,9.25
RB,"Collins, Alex",5100,217,30 1/4,9 1/4,"28.5""","9'5""",RB,70,30.25,9.25
RB,"Coprich, Marshaun",5080,207,29 5/8,9,"34""","9'4""",RB,68,29.625,9
RB,"Dixon, Kenneth",5101,215,31 3/8,9 1/2,"37.5""","10'1""",RB,70.125,31.375,9.5
RB,"Drake, Kenyan",6005,210,31 3/4,9 3/4,"34.5""","10'3""",RB,72.625,31.75,9.75
RB,"Elliot, Ezekiel",5116,225,31 1/4,10 1/4,"32.5""","9'10""",RB,71.75,31.25,10.25
RB,"Ervin, Tyler",5100,192,29 3/4,9 1/8,"39""","10'10""",RB,70,29.75,9.125
RB,"Ferguson, Josh",5094,198,30,9,"34.5""",10',RB,69.5,30,9
RB,"Gronkowski, Glenn",6021,239,30 3/4,9 1/2,"33""",10',RB,74.125,30.75,9.5
RB,"Henry, Derrick",6024,247,33,8 3.4,"37""","10'10""",RB,74.5,33,NA
RB,"Hicks, Quayvon",6007,259,31 1/4,9 5/8,NA,NA,RB,72.875,31.25,9.625
RB,"Howard, Jordan",5117,230,32 1/4,9,"34""","10'2""",RB,71.875,32.25,9
RB,"Janovich, Andy",6010,238,31 5/8,9 3/4,"34""","9'11""",RB,73,31.625,9.75
RB,"Johnson, Devon",6004,238,31 1/4,9 1/4,NA,NA,RB,72.5,31.25,9.25
RB,"Lasco, Daniel",6002,209,32,9 1/8,"41.5""","11'3""",RB,72.25,32,9.125
RB,"Madden, Tre",6002,223,29 3/4,9 3/8,NA,NA,RB,72.25,29.75,9.375
RB,"Marshall, Keith",5113,219,31 5/8,9 3/8,"30.5""",NA,RB,71.375,31.625,9.375
RB,"Perkins, Paul",5103,208,31 5/8,9,"32""","10'4""",RB,70.375,31.625,9
RB,"Prosise, CJ",6004,220,32 1/8,8 1/2,"35.5""","10'1""",RB,72.5,32.125,8.5
RB,"Smallwood, Wendell",5104,208,30 1/2,9 1/4,"33.5""",10',RB,70.5,30.5,9.25
RB,"Taylor, Kelvin",5102,207,29 1/4,8 1/4,"32""","9'5""",RB,70.25,29.25,8.25
RB,"Thornton, Shad",5115,217,30,9 3/4,"31""","9'8""",RB,71.625,30,9.75
RB,"Vainuku, Soma",5114,246,32 3/4,9 1/2,"32""","9'0""",RB,71.5,32.75,9.5
RB,"Vitale, Dan",6007,239,31 3/4,9 3/4,"38.5""","10'3""",RB,72.875,31.75,9.75
RB,"Washington, DeAndre",5082,204,30,9,"34.5""","9'10""",RB,68.25,30,9
RB,"Wilds, Brandon",6006,220,32,10 1/4,"36.5""","9'10""",RB,72.75,32,10.25
RB,"Williams, Jonathan",5110,220,31 5/8,10,NA,NA,RB,71,31.625,10
WO,"Addison, Bralon",5092,197,29 1/2,9 1/8,"34.5""","9'8""",WR,69.25,29.5,9.125
WO,"Allison, Geronimo",6032,196,32 7/8,9 1/2,"33""","10'7""",WR,75.25,32.875,9.5
WO,"Ayers, Demarcus",5093,182,31 1/4,9 1/4,"33""","10'3""",WR,69.375,31.25,9.25
WO,"Boyd, Tyler",6014,197,32,9 3/4,"34""","9'11""",WR,73.5,32,9.75
WO,"Brown, Chris",6020,194,32 1/4,9,NA,NA,WR,74,32.25,9
WO,"Burbridge, Aaron",6000,206,31 5/8,8 1/4,"30.5""","9'7""",WR,72,31.625,8.25
WO,"Cajuste, Devon",6036,234,33,10 3/4,"36""","10'3""",WR,75.75,33,10.75
WO,"Carroo, Leonte",5117,211,31 3/8,9 5/8,"35.5""",10',WR,71.875,31.375,9.625
WO,"Coleman, Corey",5105,194,30 1/4,9,"40.5""","10'9""",WR,70.625,30.25,9
WO,"Cooper, Pharoh",5111,203,32 1/4,9 1/8,"31""","9'7""",WR,71.125,32.25,9.125
WO,"Core, Cody",6025,205,32,10 3/8,"31.5""","9'11""",WR,74.625,32,10.375
WO,"Davis, Trevor",6011,188,31,10,"38.5""","10'4""",WR,73.125,31,10
WO,"Doctson, Josh",6020,202,31 7/8,9 7/8,"41""","10'11""",WR,74,31.875,9.875
WO,"Foster, DJ",5102,193,30 1/2,9 1/4,"35.5""","9'9""",WR,70.25,30.5,9.25
WO,"Fuller, Will",6001,186,30 3/4,8 1/4,"33.5""","10'6""",WR,72.125,30.75,8.25
WO,"Garrett, Keyarris",6030,220,34 1/2,9,"36.5""","10'8""",WR,75,34.5,9
WO,"Higgins, Rashard",6013,196,32 1/4,9 3/4,"32""","9'8""",WR,73.375,32.25,9.75
WO,"Holton, Johnny",6005,190,32 7/8,9 7/8,"31.5""","10'3""",WR,72.625,32.875,9.875
WO,"Jones, Cayleb",6025,209,32 3/4,9 1/4,"33.5""",NA,WR,74.625,32.75,9.25
WO,"Lawler, Kenny",6024,203,33 3/8,10 1/2,"31""","9'3""",WR,74.5,33.375,10.5
WO,"Lewis, Roger",6003,201,32,9 3/4,"33.5""","9'8""",WR,72.375,32,9.75
WO,"Listenbee, Kolby",6000,197,31 3/8,8 1/4,"35.5""","10'9""",WR,72,31.375,8.25
WO,"Louis, Ricardo",6020,215,32 3/8,9 1/2,"38""",11',WR,74,32.375,9.5
WO,"Marshall, Byron",5093,201,30 1/4,9 1/2,NA,NA,WR,69.375,30.25,9.5
WO,"Marshall, Jalin",5104,200,31 1/2,9 5/8,"37.5""","10'5""",WR,70.5,31.5,9.625
WO,"McKay, Mekale",6035,207,30 5/8,9 1/2,"35""","10'3""",WR,75.625,30.625,9.5
WO,"Miller, Braxton",6013,201,31 3/4,9 1/8,"35""","10'3""",WR,73.375,31.75,9.125
WO,"Mitchell, Malcolm",5115,198,32 5/8,10 1/2,"36""","10'9""",WR,71.625,32.625,10.5
WO,"Moore, Chris",6010,206,33 3/8,9 3/8,"37""","10'10""",WR,73,33.375,9.375
WO,"North, Marquez",6024,223,33 3/8,10 1/4,"35""","10'3""",WR,74.5,33.375,10.25
WO,"Payton, Jordan",6011,207,32 1/8,10 1/8,"34.5""","10'1""",WR,73.125,32.125,10.125
WO,"Peake, Charone",6023,209,34,9 1/4,"35.5""","10'2""",WR,74.375,34,9.25
WO,"Robinson, Demarcus",6013,203,33,9 1/2,"34.5""","10'3""",WR,73.375,33,9.5
WO,"Russell, Alonzo",6035,206,33 7/8,9 1/2,"29.5""","9'4""",WR,75.625,33.875,9.5
WO,"Scott, Rashawn",6010,199,31 3/8,9 3/8,"32.5""","9'8""",WR,73,31.375,9.375
WO,"Sharp, Hunter",5114,198,31 5/8,9 3/8,"32.5""","9'8""",WR,71.5,31.625,9.375
WO,"Sharpe, Tajae",6020,194,32 1/4,8 3/8,"33.5""","9'6""",WR,74,32.25,8.375
WO,"Shepard, Sterling",5102,194,30 3/8,9 3/4,"41""","10'3""",WR,70.25,30.375,9.75
WO,"Spruce, Nelson",6011,206,30,10,"35""","9'6""",WR,73.125,30,10
WO,"Thomas, Michael",6026,212,32 1/8,10 1/2,"33""","10'6""",WR,74.75,32.125,10.5
WO,"Treadwell, Laquon",6020,221,33 3/8,9 1/2,"33""","9'9""",WR,74,33.375,9.5
WO,"Williams, Duke",6022,229,32 1/2,9 1/4,"30""","10'1""",WR,74.25,32.5,9.25
WO,"Wilson, De'Runnya",6045,224,33 7/8,9 1/4,"28""","9'5""",WR,76.625,33.875,9.25
TE,"Adams, Jerell",6051,247,34 3/8,9 3/4,"32.5""","9'9""",TE,77.125,34.375,9.75
TE,"Anderson, Stephen",6021,230,32,9 1/4,"38""","9'11""",TE,74.125,32,9.25
TE,"Braunecker, Ben",6033,250,32 3/4,9 1/2,"35.5""","10'1""",TE,75.375,32.75,9.5
TE,"Duarte, Thomas",6021,231,33,10,"33.5""","9'10""",TE,74.125,33,10
TE,"Grinnage, David",6052,248,34 1/2,10 1/8,"29.5""","8'10""",TE,77.25,34.5,10.125
TE,"Hemingway, Temmarick",6047,244,34,10,"30.5""","9'7""",TE,76.875,34,10
TE,"Henry, Hunter",6047,250,32 3/4,9 1/4,NA,NA,TE,76.875,32.75,9.25
TE,"Higbee, Tyler",6056,249,33 1/4,10 1/4,NA,NA,TE,77.75,33.25,10.25
TE,"Hooper, Austin",6036,254,33 3/4,10 5/8,"33""","9'9""",TE,75.75,33.75,10.625
TE,"Malleck, Ryan",6044,247,32 1/2,9 3/8,"34.5""","10'1""",TE,76.5,32.5,9.375
TE,"McGee, Jake",6054,250,32 3/8,9 5/8,NA,NA,TE,77.5,32.375,9.625
TE,"Morgan, David",6041,262,33 5/8,10 1/2,"30""","9'7""",TE,76.125,33.625,10.5
TE,"Sandland, Beau",6044,253,34 1/4,10 1/8,"35""","10'4""",TE,76.5,34.25,10.125
TE,"Vannett, Nick",6060,257,34 1/4,10,"30.5""","9'3""",TE,78,34.25,10
TE,Williams. Bryce,6056,257,33 5/8,9 5/8,"29.5""","9'3""",TE,77.75,33.625,9.625
OL,"Alexander, Vadal",6052,326,35 1/4,10 1/2,"24""","7'11""",OL,77.25,35.25,10.5
OL,"Allen, Jack",6012,294,32 1/4,10 1/8,"26.5""","8'5""",OL,73.25,32.25,10.125
OL,"Beavers, Willie",6045,324,33 1/2,9 1/2,"25.5""",8'7',OL,76.625,33.5,9.5
OL,"Benenoch, Caleb",6054,311,34 1/8,10,"28""","8'8""",OL,77.5,34.125,10
OL,"Blythe, Austin",6021,291,30 1/4,9 3/8,"27.5""","8'3""",OL,74.125,30.25,9.375
OL,"Boehm, Evan",6021,309,31 5/8,10 1/4,"28.5""","8'0""",OL,74.125,31.625,10.25
OL,"Brendel, Jake",6041,303,31 5/8,9,"28""","9'0""",OL,76.125,31.625,9
OL,"Cheek, Joe",6060,295,32 3/4,9 1/4,NA,NA,OL,78,32.75,9.25
OL,"Clark, Le'Raven",6054,316,36 1/8,11 7/8,NA,NA,OL,77.5,36.125,11.875
OL,"Coleman, Shon",6054,307,35 1/8,10 5/8,NA,NA,OL,77.5,35.125,10.625
OL,"Conklin, Jack",6056,308,35,10 3/8,"30""","8'7""",OL,77.75,35,10.375
OL,"Cooper, Fahn",6044,303,34 3/4,10,"25""","8'6""",OL,76.5,34.75,10
OL,"Dahl, Joe",6041,304,33 1/8,9 1/8,"31""","9'1""",OL,76.125,33.125,9.125
OL,"Decker, Taylor",6070,310,33 3/4,10,"29""","8'5""",OL,79,33.75,10
OL,"Drango, Spencer",6055,315,33 3/4,9 1/2,"27""","8'4""",OL,77.625,33.75,9.5
OL,"Ehinger, Parker",6062,310,33,9 7/8,"27.5""","8'1""",OL,78.25,33,9.875
OL,"Garnett, Joshua",6043,312,33 7/8,10 1/8,"29""","8'3""",OL,76.375,33.875,10.125
OL,"Glasgow, Graham",6057,307,33 5/8,10 3/4,"25""","8'10""",OL,77.875,33.625,10.75
OL,"Greene, Darrell",6026,321,31 5/8,9 5/8,"21.5""","8'2""",OL,74.75,31.625,9.625
OL,"Haeg, Joe",6060,304,33 3/4,9 5/8,"27.5""","9'3""",OL,78,33.75,9.625
OL,"Hawkins, Jerald",6055,305,34 1/4,9 5/8,"23.5""","8'4""",OL,77.625,34.25,9.625
OL,"Ifedi, Germain",6056,324,36,10 3/4,"32.5""","9'1""",OL,77.75,36,10.75
OL,"Jackson, Dominick",6050,313,33,9 3/4,"26""","8'1""",OL,77,33,9.75
OL,"Johnstone, Tyler",6054,301,34,10 3/8,"30.5""","8'8""",OL,77.5,34,10.375
OL,"Kasitati, Nila",6032,317,32,10 1/2,"27.5""","8'11""",OL,75.25,32,10.5
OL,"Kelly, Ryan",6040,311,33 5/8,9 5/8,"30""","8'7""",OL,76,33.625,9.625
OL,"Kirkland, Denver",6044,335,34 5/8,9 5/8,"22.5""","7'10""",OL,76.5,34.625,9.625
OL,"Lewis, Alex",6060,312,34,10,"29.5""","8'4""",OL,78,34,10
OL,"Martin, Nick",6041,299,32 1/2,9 3/4,"28""","8'1""",OL,76.125,32.5,9.75
OL,"Marz, Tyler",6066,316,33 1/2,10,"27.5""","8'3""",OL,78.75,33.5,10
OL,"McGovern, Connor",6042,306,32 7/8,10 3/8,"33""","9'1""",OL,76.25,32.875,10.375
OL,"Murphy, Kyle",6063,305,33 1/2,9 3/4,NA,NA,OL,78.375,33.5,9.75
OL,"Nembot, Stephane",6066,322,34 5/8,10 3/4,"26.5""","8'7""",OL,78.75,34.625,10.75
OL,"Odhiambo, Rees",6037,314,33 1/4,9 5/8,NA,NA,OL,75.875,33.25,9.625
OL,"Redmond, Alex",6046,294,33 1/4,10 1/2,"28""","9'3""",OL,76.75,33.25,10.5
OL,"Robertson, Dominique",6045,324,36,10 3/8,"28.5""","8'4""",OL,76.625,36,10.375
OL,"Seumalo, Isaac",6037,303,33,9 7/8,"26""","8'9""",OL,75.875,33,9.875
OL,"Shell, Brandon",6053,324,34 3/4,10 3/4,"30.5""","9'4""",OL,77.375,34.75,10.75
OL,"Skura, Matt",6033,329,33 3/8,10 1/8,"24""","8'7""",OL,75.375,33.375,10.125
OL,"Slater, Pearce",6066,329,35 1/4,10,"23""","7'8""",OL,78.75,35.25,10
OL,"Spriggs, Jason",6055,301,34 1/8,10 1/8,"31.5""","9'7""",OL,77.625,34.125,10.125
OL,"Stanley, Ronnie",6056,312,35 5/8,10 5/8,"28.5""",NA,OL,77.75,35.625,10.625
OL,"Theus, John",6064,313,34 1/2,10 1/8,"28""","8'7""",OL,78.5,34.5,10.125
OL,"Thuney, Joe",6045,304,32 1/4,9 5/8,"28.5""","9'2""",OL,76.625,32.25,9.625
OL,"Toner, Cole",6052,306,33 1/8,9 3/4,"26""","8'7""",OL,77.25,33.125,9.75
OL,"Tretole, Sebastian",6041,314,31 1/2,10 3/8,"23.5""","7'6""",OL,76.125,31.5,10.375
OL,"Tuerk, Max",6050,298,32 1/2,10 3/4,NA,NA,OL,77,32.5,10.75
OL,"Tunsil, Laremy",6050,310,34 1/4,10,NA,NA,OL,77,34.25,10
OL,"Turner, Landon",6037,330,32 7/8,10 3/8,"19""","7'4""",OL,75.875,32.875,10.375
OL,"Vaitai, Halapoulivaati",6060,320,34 1/4,10 5/8,"29""","9'5""",OL,78,34.25,10.625
OL,"Westerman, Christian",6031,298,33 1/2,11 7/8,"25""","8'2""",OL,75.125,33.5,11.875
OL,"Whitehair, Cody",6036,301,32 3/8,10 1/8,"25.5""","9'2""",OL,75.75,32.375,10.125
OL,"Young, Avery",6045,328,33 3/4,10 1/2,NA,NA,OL,76.625,33.75,10.5
DL,"Abdesmad, Mehdi",6062,284,33 3/8,9 3/4,"29.5""","9'0""",DL,78.25,33.375,9.75
DL,"Bailey, Sterling",6040,285,33 3/8,10 1/4,"30""","9'3""",DL,76,33.375,10.25
DL,"Bean, Jimmy",6050,264,33 1/2,9 3/4,NA,NA,DL,77,33.5,9.75
DL,"Billings, Andrew",6005,311,33,10,"27.5""","9'5""",DL,72.625,33,10
DL,"Blair, Ronald",6021,284,34,10 1/4,"30""","9'5""",DL,74.125,34,10.25
DL,"Bosa, Joey",6052,269,33 3/8,10 1/4,"32""",10',DL,77.25,33.375,10.25
DL,"Buckner, Deforest",6070,291,34 3/8,11 3/4,"32""","9'8""",DL,79,34.375,11.75
DL,"Bullard, Jonathan",6035,285,33 5/8,10,"32""","9'8""",DL,75.625,33.625,10
DL,"Butler, Vernon",6040,323,35 1/8,10 3/4,"29.5""","8'8""",DL,76,35.125,10.75
DL,"Calhoun, Shalique",6043,251,34 1/4,9 7/8,"35""","9'7""",DL,76.375,34.25,9.875
DL,"Clark, Kenny",6025,314,32 1/8,10 1/2,"28.5""","8'6""",DL,74.625,32.125,10.5
DL,"Collins, Maliek",6017,311,33 1/2,9 1/8,"29.5""","9'1""",DL,73.875,33.5,9.125
DL,"Correa, Kamalei",6025,243,31 5/8,9 3/8,"33""","9'0""",DL,74.625,31.625,9.375
DL,"Cowser, James",6031,248,32 7/8,10 1/4,"31.5""","9'3""",DL,75.125,32.875,10.25
DL,"Day, Sheldon",6005,293,32 5/8,9 5/8,"30""","8'6""",DL,72.625,32.625,9.625
DL,"Dodd, Kevin",6050,277,34,10,NA,NA,DL,77,34,10
DL,"Fanaika, Jason",6016,271,32 5/8,9 7/8,"35.5""","9'5""",DL,73.75,32.625,9.875
DL,"Gotsis, Adam",6044,287,34 1/8,10 3/4,NA,NA,DL,76.5,34.125,10.75
DL,"Hargrave, Javon",6013,309,32,9 5/8,"34.5""","9'1""",DL,73.375,32,9.625
DL,"Heath, Joel",6052,293,34 1/2,10 1/2,"33""","9'5""",DL,77.25,34.5,10.5
DL,"Henry, Willie",6026,303,33 3/8,10 7/8,"30.5""","9'2""",DL,74.75,33.375,10.875
DL,"Ioannidis, Matt",6034,299,32 3/8,10 1/8,"28""","9'0""",DL,75.5,32.375,10.125
DL,"Jackson, Branden",6037,273,33 3/8,10 1/4,"31.5""","9'5""",DL,75.875,33.375,10.25
DL,"Jefferson, Quinton",6037,291,33 3/8,8 7/8,"29""",NA,DL,75.875,33.375,8.875
DL,"Johnson, Austin",6043,314,32 3/4,9 7/8,"26""","8'3""",DL,76.375,32.75,9.875
DL,"Jones, Chris",6056,310,34 1/2,10 3/4,"24.5""","8'10""",DL,77.75,34.5,10.75
DL,"Judon, Matt",6030,275,33 7/8,9 1/2,"35""","9'1""",DL,75,33.875,9.5
DL,"Kamalu, Ufomba",6051,295,35,10,"25""","8'10""",DL,77.125,35,10
DL,"Kaufusi, Bronson",6064,285,34 1/2,9 3/4,"30""","9'3""",DL,78.5,34.5,9.75
DL,"Latham, Darius",6042,311,34 3/4,10,"29""","8'4""",DL,76.25,34.75,10
DL,"Lawrence-Stample, Nile",6010,320,32 3/4,9 7/8,NA,NA,DL,73,32.75,9.875
DL,"Lawson, Shaq",6025,269,32 3/4,10,"33""",10',DL,74.625,32.75,10
DL,"Lowry, Dean",6053,296,31,9 3/8,"32.5""","9'6""",DL,77.375,31,9.375
DL,"Maddy, Luther",6000,287,33 1/4,9,NA,NA,DL,72,33.25,9
DL,"Mayes, Chris",6031,338,34,9,"23.5""","8'8""",DL,75.125,34,9
DL,"McCallister, Alex",6061,239,36,9 3/8,"34.5""","10'8""",DL,78.125,36,9.375
DL,"Nassib, Carl",6067,277,34 1/2,10 3/8,"28.5""","9'6""",DL,78.875,34.5,10.375
DL,"Newberry, Giorgio",6054,285,34,9 1/2,"30""","9'6""",DL,77.5,34,9.5
DL,"Ngakoue, Yannick",6020,252,32 1/2,9 1/2,"34.5""","9'10""",DL,74,32.5,9.5
DL,"Nicholas, Dadi",6027,235,34 3/4,10 3/8,"41""","9'8""",DL,74.875,34.75,10.375
DL,"Nkemdiche, Robert",6034,294,33 7/8,10 3/8,"35""","9'8""",DL,75.5,33.875,10.375
DL,"Oakman, Shawn",6075,287,35 3/4,10 5/8,"32""","10'3""",DL,79.625,35.75,10.625
DL,"Ochi, Victor",6011,246,33 3/4,10 1/8,"32""","9'11""",DL,73.125,33.75,10.125
DL,"Ogbah, Emmanuel",6042,273,35 1/2,10,"35.5""","10'1""",DL,76.25,35.5,10
DL,"Okwara, Romeo",6045,265,34 1/8,10 1/8,"33""",10',DL,76.625,34.125,10.125
DL,"Ott, Drew",6044,273,32 1/4,9 5/8,NA,NA,DL,76.5,32.25,9.625
DL,"Pettway, DJ",6021,265,32 1/4,9 1/2,"28""","9'0""",DL,74.125,32.25,9.5
DL,"Rankins, Sheldon",6011,299,33 3/8,9 3/8,"34.5""","9'10""",DL,73.125,33.375,9.375
DL,"Reader, DJ",6025,327,33 5/8,9 1/2,"29.5""","8'3""",DL,74.625,33.625,9.5
DL,"Reed, Jarran",6027,307,33 3/8,10 1/2,"31""","8'8""",DL,74.875,33.375,10.5
DL,"Ridgeway, Hassan",6033,303,33,9 3/8,"32""","9'5""",DL,75.375,33,9.375
DL,"Robinson, A'Shawn",6035,307,34 1/2,10 1/2,"26""","8'10""",DL,75.625,34.5,10.5
DL,"Sigler, Devaunte",6034,298,33 3/4,9 7/8,"25""",NA,DL,75.5,33.75,9.875
DL,"Spence, Noah",6024,251,33,10 3/4,"35""","10'1""",DL,74.5,33,10.75
DL,"Tapper, Charles",6025,271,34 3/8,11 1/2,"34""","9'11""",DL,74.625,34.375,11.5
DL,"Thomas, Lawrence",6034,286,33 1/4,10 1/8,"35""","9'5""",DL,75.5,33.25,10.125
DL,"Thompson, Ron",6030,253,32 1/4,9 3/8,NA,NA,DL,75,32.25,9.375
DL,"Valentine, Vincent",6035,329,33 1/8,9 5/8,"29""","9'2""",DL,75.625,33.125,9.625
DL,"Ward, Jihad",6051,297,33 7/8,9 3/8,"25""","9'3""",DL,77.125,33.875,9.375
DL,"Washington, Adolphus",6033,301,34 1/2,9 7/8,"27""","8'3""",DL,75.375,34.5,9.875
DL,"Woods, Antwaun",6000,318,31,9 5/8,NA,NA,DL,72,31,9.625
DL,"Wujciak, Connor",6024,291,33 1/4,10,"34.5""","9'9""",DL,74.5,33.25,10
DL,"Zettel, Anthony",6037,277,31 1/8,9 1/2,"30.5""","9'1""",DL,75.875,31.125,9.5
LB,"Alexander, Dominique",6002,232,32 1/4,9,"28.5""","8'8""",LB,72.25,32.25,9
LB,"Bond, Devante",6011,235,32 3/8,9 1/4,"37.5""","10'1""",LB,73.125,32.375,9.25
LB,"Brothers, Kentrell",6003,245,30 3/4,9 3/4,"28.5""","9'2""",LB,72.375,30.75,9.75
LB,"Brown, Beniquez",6006,229,31 3/8,9 1/8,"31""","9'2""",LB,72.75,31.375,9.125
LB,"Campbell, De'Vondre",6035,232,33 5/8,9 5/8,"34""","9'8""",LB,75.625,33.625,9.625
LB,"Cravens, Su'a",6006,226,32 1/8,9 1/2,"27""","9'6""",LB,72.75,32.125,9.5
LB,"Daniels, Steven",5114,243,32 5/8,10,"32""","9'4""",LB,71.5,32.625,10
LB,"Fackrell, Kyler",6050,245,33 1/4,10 1/8,"34.5""","10'1""",LB,77,33.25,10.125
LB,"Feeney, Travis",6035,230,33 3/8,9 1/2,"40""","10'10""",LB,75.625,33.375,9.5
LB,"Floyd, Leonard",6055,244,33 1/8,10 1/8,"39.5""","10'7""",LB,77.625,33.125,10.125
LB,"Forrest, Josh",6031,249,33 1/2,9 1/2,"30.5""","9'10""",LB,75.125,33.5,9.5
LB,"Frost, Kris",6021,240,32 1/2,10 1/2,"29""","9'5""",LB,74.125,32.5,10.5
LB,"Goodson, BJ",6010,242,33 1/4,10,"34.5""","9'10""",LB,73,33.25,10
LB,"Jack, Myles",6010,245,33 5/8,10 1/4,NA,NA,LB,73,33.625,10.25
LB,"Jenkins, Jordan",6025,259,34 1/4,11 1/4,"36.5""","10'1""",LB,74.625,34.25,11.25
LB,"Johnson, CJ",6013,234,32 3/4,8 7/8,NA,NA,LB,73.375,32.75,8.875
LB,"Jones, Deion",6007,222,32 3/8,9 1/4,"33""",10',LB,72.875,32.375,9.25
LB,"Kirby, Raphael",6002,236,31,9 7/8,NA,NA,LB,72.25,31,9.875
LB,"Kwiatkoski, Nick",6020,243,31 3/4,9 1/2,"32""",10',LB,74,31.75,9.5
LB,"Lee, Darron",6006,232,33 1/4,9 3/4,"35.5""","11'1""",LB,72.75,33.25,9.75
LB,"Littleton, Cory",6031,238,33 3/8,10 1/8,"29.5""","9'6""",LB,75.125,33.375,10.125
LB,"Longa, Steve",6005,241,32,9 3/4,"32.5""","9'8""",LB,72.625,32,9.75
LB,"Maggitt, Curt",6032,247,33,10 1/8,NA,NA,LB,75.25,33,10.125
LB,"Martinez, Blake",6015,237,31 5/8,10 7/8,"28.5""","9'5""",LB,73.625,31.625,10.875
LB,"Matakevich, Tyler",6000,238,31 1/4,9 1/2,"31""","9'4""",LB,72,31.25,9.5
LB,"McKinzy, Cassanova",6010,248,31 1/4,9 7/8,NA,NA,LB,73,31.25,9.875
LB,"Morrison, Antonio",NA,NA,NA,NA,NA,NA,LB,NA,NA,NA
LB,"Norris, Jared",6012,241,31 1/2,10 1/8,"29.5""","9'6""",LB,73.25,31.5,10.125
LB,"Overton, Montese",6016,223,32 3/4,9 1/2,"34""","10'3""",LB,73.75,32.75,9.5
LB,"Paul, Gionni",5101,231,31,8 1/8,"31""","9'5""",LB,70.125,31,8.125
LB,"Perry, Joshua",6036,254,33 7/8,10 1/4,"33.5""","10'4""",LB,75.75,33.875,10.25
LB,"Ragland, Reggie",6012,247,32,9 7/8,"31.5""","9'8""",LB,73.25,32,9.875
LB,"Schobert, Joe",6013,244,31 1/2,9 3/4,"33.5""","9'3""",LB,73.375,31.5,9.75
LB,"Smith, Jaylon",6020,223,33,9 1/2,NA,NA,LB,74,33,9.5
LB,"Smith, Terrance",6027,235,32 3/4,9 7/8,"34.5""",10',LB,74.875,32.75,9.875
LB,"Striker, Eric",5113,227,31 1/4,10 1/8,"30""","9'8""",LB,71.375,31.25,10.125
LB,"Vigil, Nick",6023,239,32 3/8,10 1/4,"31.5""","9'7""",LB,74.375,32.375,10.25
LB,"Weatherly, Stephen",6043,267,34 1/2,10 1/4,"31""","9'9""",LB,76.375,34.5,10.25
LB,"Wright, Scooby",5116,239,30 1/2,9 3/4,"31""","9'5""",LB,71.75,30.5,9.75
DB,"Alexander, MacKensie",5103,190,31 3/8,9 1/8,NA,NA,DB,70.375,31.375,9.125
DB,"Apple, Eli",6005,199,31 3/8,9 3/8,NA,NA,DB,72.625,31.375,9.375
DB,"Bell, Vonn",5106,199,32 3/8,9 1/2,NA,NA,DB,70.75,32.375,9.5
DB,"Boddy-Calhoun, Briean",5094,193,31,9 1/8,"35""","10'4""",DB,69.5,31,9.125
DB,"Bradberry, James",6006,211,33 3/8,9 1/8,"36""","10'4""",DB,72.75,33.375,9.125
DB,"Brown, Anthony",5112,192,31 3/4,8 1/4,"35""","9'7""",DB,71.25,31.75,8.25
DB,"Brutus, Lamarcus",5115,206,31 1/2,8 3/4,"33""","9'6""",DB,71.625,31.5,8.75
DB,"Burns, Artie",5117,193,33 1/4,9 1/2,"31.5""",NA,DB,71.875,33.25,9.5
DB,"Burris, Juston",6002,212,31 1/2,8 7/8,"36.5""","10'2""",DB,72.25,31.5,8.875
DB,"Bush, Deon",6003,199,30 7/8,9 1/4,"36""","10'3""",DB,72.375,30.875,9.25
DB,"Calhoun, Taveze",6003,192,31 7/8,9,"33.5""",NA,DB,72.375,31.875,9
DB,"Canady, Maurice",6010,193,31 5/8,9 1/8,"38""","10'4""",DB,73,31.625,9.125
DB,"Carter, Tevin",6012,218,32,9 1/4,NA,NA,DB,73.25,32,9.25
DB,"Cash, Jeremy",6003,212,32 3/8,10 1/2,NA,NA,DB,72.375,32.375,10.5
DB,"Crawley, Ken",6003,187,30 1/2,9,"36.5""","9'11""",DB,72.375,30.5,9
DB,"Davis, Sean",6010,201,31 3/8,9 1/2,"37.5""","10'6""",DB,73,31.375,9.5
DB,"Dillon, K.J.",6003,210,31 5/8,9 5/8,NA,"10'1""",DB,72.375,31.625,9.625
DB,"Elliott, DeAndre",6007,188,32,9 5/8,"41""","10'5""",DB,72.875,32,9.625
DB,"Frazier, Kavon",5117,217,32 1/4,9,NA,NA,DB,71.875,32.25,9
DB,"Fuller, Kendall",5114,187,31 1/2,10,NA,NA,DB,71.5,31.5,10
DB,"Green, T.J.",6024,209,32,9 5/8,"35.5""","10'9""",DB,74.5,32,9.625
DB,"Hall, Deiondre",6015,199,34 3/8,9 3/4,"37""","10'7""",DB,73.625,34.375,9.75
DB,"Hargeaves III, Vernon",5104,204,30 5/8,8 3/4,"39""","10'10""",DB,70.5,30.625,8.75
DB,"Harris, De'Vante",5105,176,30 5/8,8 1/8,"38.5""","10'4""",DB,70.625,30.625,8.125
DB,"Houston-Carson, Deandre",6006,201,30 1/8,9 1/8,"32.5""","9'7""",DB,72.75,30.125,9.125
DB,"Howard, Xavien",6001,201,31 1/4,9 1/8,"33""","10'2""",DB,72.125,31.25,9.125
DB,"Jackson III, William",6003,189,31 3/4,9 1/4,NA,"9'8""",DB,72.375,31.75,9.25
DB,"Jones, Cyrus",5097,197,31 3/8,9 1/8,"33""","9'8""",DB,69.875,31.375,9.125
DB,"Jones, Jonathan",5091,186,30 1/4,8 3/4,"36""","10'3""",DB,69.125,30.25,8.75
DB,"Joseph, Karl",5095,205,32 1/8,9 3/4,NA,NA,DB,69.625,32.125,9.75
DB,"Kearse, Jayron",6040,216,34 1/4,9 5/8,"31.5""","10'4""",DB,76,34.25,9.625
DB,"Killebrew, Miles",6017,217,32 1/8,9 1/2,"38""","10'7""",DB,73.875,32.125,9.5
DB,"Kindred, Derrick",5100,207,31 1/4,9 3/8,"37.5""","10'3""",DB,70,31.25,9.375
DB,"Lomax, Jordan",5097,202,32,8 3/4,"36""",10',DB,69.875,32,8.75
DB,"Lucas, Jordan",5115,201,30 1/8,10,NA,NA,DB,71.625,30.125,10
DB,"Miller, Harlan",5117,182,30 7/8,8 3/8,"35.5""","9'10""",DB,71.875,30.875,8.375
DB,"Mills, Jalen",6000,191,31 1/8,9 1/8,"37""","10'3""",DB,72,31.125,9.125
DB,"Murray, Eric",5105,199,31 3/4,9,"39.5""","10'4""",DB,70.625,31.75,9
DB,"Neal, Keanu",6004,211,32 3/4,10 5/8,"38""",11',DB,72.5,32.75,10.625
DB,"Peterson, Kevin",5103,173,30 1/2,9 7/8,"35.5""","10'1""",DB,70.375,30.5,9.875
DB,"Powell, Tyvis",6026,211,32 3/4,9 1/2,"34.5""",10',DB,74.75,32.75,9.5
DB,"Pruitt, Jimmy",5115,198,30 3/8,9 3/8,"32""","9'9""",DB,71.625,30.375,9.375
DB,"Ramsey, Jalen",6012,209,33 3/8,9 1/2,"41.5""","11'3""",DB,73.25,33.375,9.5
DB,"Redmond, Will",5106,182,30 3/8,9 1/8,NA,NA,DB,70.75,30.375,9.125
DB,"Robinson, Rashard",6014,171,32 1/4,9,"35.5""","10'1""",DB,73.5,32.25,9
DB,"Russell, Keivarae",5111,192,31 5/8,10,NA,NA,DB,71.125,31.625,10
DB,"Sanchez, Zack",5107,185,31 3/8,9 3/8,"35.5""","9'8""",DB,70.875,31.375,9.375
DB,"Seymour, Kevon",5114,186,30 3/4,9,"35""","10'4""",DB,71.5,30.75,9
DB,"Shumate, Elijah",5116,216,31 1/8,9 3/4,"33""","9'11""",DB,71.75,31.125,9.75
DB,"Simmons, Justin",6023,202,32 5/8,9 5/8,"40""","10'6""",DB,74.375,32.625,9.625
DB,"Sims, Leshaun",6004,203,31 5/8,8 1/8,"37""",10',DB,72.5,31.625,8.125
DB,"Smith, Ryan",5107,189,30 1/2,8 7/8,"36""","10'2""",DB,70.875,30.5,8.875
DB,"Stamps, A.J.",5107,193,31 3/8,9 5/8,"33""","9'7""",DB,70.875,31.375,9.625
DB,"Thompson, Darian",6017,208,30 3/8,9 1/8,"32.5""","9'10""",DB,73.875,30.375,9.125
DB,"Wallace, Cleveland",5106,188,31 3/4,9 1/2,"35.5""","10'3""",DB,70.75,31.75,9.5
DB,"White, D.J.",5107,193,31 1/2,9 1/4,"33""",11',DB,70.875,31.5,9.25
DB,"Williams, Brandon",5113,197,32 1/2,8 5/8,"30.5""","9'10""",DB,71.375,32.5,8.625
DB,"Worley, Daryl",6006,204,33 3/8,10 1/4,"35.5""","10'3""",DB,72.75,33.375,10.25
DB,"Young, Tavon",5091,183,30 5/8,9 1/8,"34.5""","9'10""",DB,69.125,30.625,9.125
PK,"Aguayo, Roberto",6000,207,31 3/4,9 7/8,NA,NA,SPEC,72,31.75,9.875
PK,"Craddock, Brad",6000,186,31,8 1/4,NA,NA,SPEC,72,31,8.25
PK,"Dixon, Riley",6040,221,32 1/4,9 5/8,NA,NA,SPEC,76,32.25,9.625
PK,"Edwards, Lac",6040,209,32 3/8,9 3/8,NA,NA,SPEC,76,32.375,9.375
PK,"Fairbairn, Ka'imi",5110,183,31 1/4,9 1/4,NA,NA,SPEC,71,31.25,9.25
PK,"Hackett, Tom",5100,198,29 3/4,9 1/4,NA,NA,SPEC,70,29.75,9.25
PK,"Kaser, Drew",6020,212,31,9,NA,NA,SPEC,74,31,9
PK,"Koehn, Marshall",6013,197,32 1/4,9 1/2,NA,NA,SPEC,73.375,32.25,9.5
PK,"Lunsford, John",6014,214,32 7/8,10 1/8,NA,NA,SPEC,73.5,32.875,10.125
PK,"Monday, Will",6040,212,32 1/2,8 7/8,NA,NA,SPEC,76,32.5,8.875
PK,"Oberkrom, Jaden",6020,186,31 3/4,8 1/2,NA,NA,SPEC,74,31.75,8.5
PK,"O'Toole, Nick",6030,219,32 1/2,9 3/4,NA,NA,SPEC,75,32.5,9.75
NA,NA,NA,NA,NA,NA,NA,NA,NA,NA,NA,NA
ST,"Landes, Jimmy",6012,240,30 3/8,9 5/8,"27.5""","9'2""",SPEC,73.25,30.375,9.625
QB,"Beathard, CJ",6020,219,30 5/8,9 3/8,"31""","9'5""",QB,74,30.625,9.375
QB,"Dobbs, Joshua",6033,216,32 5/8,9 1/4,"33""","10'2""",QB,75.375,32.625,9.25
QB,"Evans, Jerod",6026,232,33 1/8,9 3/8,"26.5""","9'4""",QB,74.75,33.125,9.375
QB,"Kaaya, Brad",6040,214,32,9 3/4,NA,NA,QB,76,32,9.75
QB,"Kizer, Deshone",6042,233,33 1/8,9 7/8,"30.5""","8'11""",QB,76.25,33.125,9.875
QB,"Knight, Trevor",6013,219,30 5/8,9 7/8,"35.5""","10'5""",QB,73.375,30.625,9.875
QB,"Leidner, Mitch",6034,226,33 3/4,10,"34.5""","10'3""",QB,75.5,33.75,10
QB,"Liufau, Sefo",6033,232,33 1/2,10 3/4,"27""","8'9""",QB,75.375,33.5,10.75
QB,"Mahomes II, Patrick",6020,225,33 1/4,9 1/4,"30""","9'6""",QB,74,33.25,9.25
QB,"Peterman, Nathan",6024,226,32 3/8,9 7/8,"31""","9'2""",QB,74.5,32.375,9.875
QB,"Rush, Cooper",6025,228,32 3/8,9 1/8,"27""","8'9""",QB,74.625,32.375,9.125
QB,"Russell, Seth",6030,213,32 1/4,9 5/8,NA,NA,QB,75,32.25,9.625
QB,"Trubisky, Mitch",6021,222,32,9 1/2,"27.5""","9'8""",QB,74.125,32,9.5
QB,"Watson, Deshaun",6024,221,33,9 3/4,"32.5""","9'11""",QB,74.5,33,9.75
QB,"Webb, Davis",6045,229,33 1/8,9 1/4,"33""","9'10""",QB,76.625,33.125,9.25
NA,NA,NA,NA,NA,NA,NA,NA,NA,NA,NA,NA
Hi,NA,6026,224,32 1/8,9 5/8,"31""","9'2""",NA,74.75,32.125,9.625
NA,NA,NA,NA,NA,NA,NA,NA,NA,NA,NA,NA
Re,NA,NA,NA,NA,NA,"40""","10'8""",NA,NA,NA,NA
RB,"Carson, Christopher",5113,218,33 1/5,9 5/8,"37""","10'10""",RB,71.375,33.2,9.625
RB,"Clement, Corey",5101,220,30 1/2,9 3/4,"28.5""","9'7""",RB,70.125,30.5,9.75
RB,"Cohen, Tarik",5064,179,29 3/4,10 1/8,"31.5""","9'10""",RB,66.5,29.75,10.125
RB,"Conner, James",6014,233,31 1/4,9 7/8,"29""","9'5""",RB,73.5,31.25,9.875
RB,"Cook, Dalvin",5103,210,32 3/8,9 1/4,"30.5""","9'8""",RB,70.375,32.375,9.25
RB,"Davis, Justin",6010,208,31,9 5/8,NA,NA,RB,73,31,9.625
RB,"Dayes, Matthew",5090,205,30,10 1/2,"28""","9'1""",RB,69,30,10.5
RB,"Foreman, D'onta",6000,233,31 3/8,10 1/8,NA,NA,RB,72,31.375,10.125
RB,"Fournette, Leonard",6004,240,31 5/8,9 1/4,"28.5""",NA,RB,72.5,31.625,9.25
RB,"Gallman, Wayne",6004,215,32 5/8,9 1/8,"29.5""",10',RB,72.5,32.625,9.125
RB,"Henderson, De'Angelo",5074,208,29,9 1/2,"34""",10',RB,67.5,29,9.5
RB,"Hill, Brian",6010,219,31 3/8,8 7/8,"34""","10'5""",RB,73,31.375,8.875
RB,"Hood, Elijah",6000,232,30 3/8,9 3/8,NA,NA,RB,72,30.375,9.375
RB,"Hunt, Kareem",5104,216,31 3/8,9 5/8,"36.5""","9'11""",RB,70.5,31.375,9.625
RB,"Jones, Aaron",5094,208,32 1/2,9 1/2,"37.5""","10'7""",RB,69.5,32.5,9.5
RB,"Kamara, Alvin",5102,214,32 3/4,9 1/4,"39.5""","10'11""",RB,70.25,32.75,9.25
RB,"Logan, T.J.",5090,196,32,9,"33.5""","10'1""",RB,69,32,9
RB,"Mack, Marlon",5113,213,32,9,"35.5""","10'5""",RB,71.375,32,9
RB,"McCaffrey, Christian",5112,202,30,9,"37.5""","10'1""",RB,71.25,30,9
RB,"McGuire, Elijah",5096,214,31,9,"36""",10',RB,69.75,31,9
RB,"McNichols, Jeremy",5085,214,31 1/2,10,"35.5""","10'1""",RB,68.625,31.5,10
RB,"Ogunbowale, Dare",5106,213,31 3/8,9 1/8,"35""",10',RB,70.75,31.375,9.125
RB,"Perine, Samaje",5105,233,30 3/8,10,"33""","9'8""",RB,70.625,30.375,10
RB,"Pumphery, Donnell",5082,176,29,8 1/2,"33.5""","9'9""",RB,68.25,29,8.5
RB,"Redding, Devine",5082,205,29 1/4,9 5/8,"30.5""","9'8""",RB,68.25,29.25,9.625
RB,"Rogers, Sam (FB)",5102,231,30 1/4,9 3/4,"32""","9'6""",RB,70.25,30.25,9.75
RB,"Shell, Rushel",5100,227,30,9 5/8,"32.5""",NA,RB,70,30,9.625
RB,"Smith, De'Veon",5110,223,29 1/2,9,"29""","9'0""",RB,71,29.5,9
RB,"Stevenson, Freddie (FB)",6000,234,32 3/4,9 5/8,"28""","9'3""",RB,72,32.75,9.625
RB,"Thomas, Jahad",5093,190,30 1/8,9,"32""","9'8""",RB,69.375,30.125,9
RB,"Williams, Jamaal",6000,212,31 1/4,10,"30""","10'3""",RB,72,31.25,10
RB,"Williams, Joe",5110,210,30 3/4,9 3/8,"35""","10'5""",RB,71,30.75,9.375
RB,"Williams, Stanley",5070,190,30,8 5/8,"36""","10'1""",RB,67,30,8.625
NA,NA,NA,NA,NA,NA,NA,NA,NA,NA,NA,NA
Hi,NA,5105,213.3,"31""",9 1/4,"35.1""","9'11""",NA,70.625,NA,9.25
NA,NA,NA,NA,NA,NA,NA,NA,NA,NA,NA,NA
Re,NA,NA,NA,NA,NA,"43""","11'3""",NA,NA,NA,NA
WO,"Adams, Rodney",6012,189,32,9,"29.5""","10'5""",WR,73.25,32,9
WO,"Adeboyejo, Quincy",6025,197,31 3/4,9 3/8,"34.5""","10'3""",WR,74.625,31.75,9.375
WO,"Bolden, Victor",5083,178,31 1/8,9,"32""","9'9""",WR,68.375,31.125,9
WO,"Bourne, Kendrick",6011,203,32 1/2,9 1/8,"34""","10'5""",WR,73.125,32.5,9.125
WO,"Brown, Noah",6020,222,31 3/4,9 1/8,NA,NA,WR,74,31.75,9.125
WO,"Brown, Billy",6036,255,33,10 3/8,"29""","9'10""",WR,75.75,33,10.375
WO,"Cannon, K.D.",5110,182,30 3/4,8 7/8,"37""","9'11""",WR,71,30.75,8.875
WO,"Chesson, J.D.",6015,204,33 1/4,9 1/8,"35.5""",11',WR,73.625,33.25,9.125
WO,"Coley, Stacey",5117,195,32 1/4,9 3/4,"34""","10'2""",WR,71.875,32.25,9.75
WO,"Darboh, Amara",6015,214,32 5/8,9 7/8,"36""","10'4""",WR,73.625,32.625,9.875
WO,"Davis, Corey",6027,209,33,9 1/8,NA,NA,WR,74.875,33,9.125
WO,"Davis, Robert",6025,219,33,9 5/8,"41""","11'4""",WR,74.625,33,9.625
WO,"Dupre, Malachi",6024,196,31 1/2,9,"39.5""","11'3""",WR,74.5,31.5,9
WO,"Dural, Travin",6006,202,32 1/8,9 1/8,"30.5""","9'8""",WR,72.75,32.125,9.125
WO,"Etta-Tawo, Amba",6012,208,32,91/8,"31""","10'6""",WR,73.25,32,NA
WO,"Ford, Isaiah",6010,194,32 5/8,9 1/4,"35.5""","10'7""",WR,73,32.625,9.25
WO,"Gibson, Shelton",5106,191,32,8 7/8,"32""","9'10""",WR,70.75,32,8.875
WO,"Godwin, Chris",6010,209,31 5/8,9 1/8,"36""","10'6""",WR,73,31.625,9.125
WO,"Golladay, Kenneth",6040,218,32,9 3/4,"35.5""",10',WR,76,32,9.75
WO,"Hansen, Chad",6017,202,32 1/8,10 1/8,"35""","9'11""",WR,73.875,32.125,10.125
WO,"Hatcher, Keon",6012,212,32,9 1/2,NA,NA,WR,73.25,32,9.5
WO,"Henderson, Carlos",5110,199,31 3/8,9 1/8,"36""","10'11""",WR,71,31.375,9.125
WO,"Hogan, Krishawn",6030,222,32 1/8,9 7/8,"36.5""","10'4""",WR,75,32.125,9.875
WO,"Hollins, Mack",6040,221,33 1/4,9 3/4,NA,NA,WR,76,33.25,9.75
WO,"Howard, Bug",6041,221,33 1/8,10 3/8,"37.5""","9'11""",WR,76.125,33.125,10.375
WO,"Jones, Zay",6021,201,32 1/2,9,"36.5""","11'1""",WR,74.125,32.5,9
WO,"Kupp, Cooper",6015,204,31 1/2,9 1/2,"31""","9'8""",WR,73.625,31.5,9.5
WO,"Lane, Jerome",6024,226,31 1/2,9 3/4,"35""","10'5""",WR,74.5,31.5,9.75
WO,"Lucas, Keevan",5093,192,31 7/8,9 7/8,"32.5""","9'11""",WR,69.375,31.875,9.875
WO,"Malone, Josh",6026,208,31 3/8,9 5/8,"30.5""","10'1""",WR,74.75,31.375,9.625
WO,"Marks, Gabe",5110,189,30 3/8,8 3/4,"29""","9'9""",WR,71,30.375,8.75
WO,"McKenzie, Isaiah",5074,173,28 7/8,8 7/8,"36""","10'3""",WR,67.5,28.875,8.875
WO,"Morgan, Drew",5117,190,30 3/8,9 1/2,"30""","9'4""",WR,71.875,30.375,9.5
WO,"Noil, Speedy",5110,199,30,9 1/4,"43.5""","11'1""",WR,71,30,9.25
WO,"Pascal, Zach",6015,219,32,10,"36""","10'6""",WR,73.625,32,10
WO,"Quick, James",5117,186,30 3/4,9,"31""","9'7""",WR,71.875,30.75,9
WO,"Rector, Michael",6000,193,32 1/2,9 1/4,"36.5""","10'9""",WR,72,32.5,9.25
WO,"Reynolds, Josh",6027,194,31 1/2,9 3/8,"37""","10'4""",WR,74.875,31.5,9.375
WO,"Robinette, Jalen",6027,220,32 3/8,10 7/8,"31.5""","10'0""",WR,74.875,32.375,10.875
WO,"Rogers, Darreus",6010,216,32,10 1/8,"26.5""","9'4""",WR,73,32,10.125
WO,"Ross, Fred",6006,213,31 1/4,9 1/4,"35""","9'5""",WR,72.75,31.25,9.25
WO,"Ross, John",5103,188,31 1/2,8 3/4,"37""","11'1""",WR,70.375,31.5,8.75
WO,"Rudolph, Travis",5116,189,31 7/8,9 1/4,"31.5""","9'6""",WR,71.75,31.875,9.25
WO,"Samuel, Curtis",5110,196,31 1/4,9 1/2,"37""","9'11""",WR,71,31.25,9.5
WO,"Scott, Artavis",5101,193,31 3/8,9 3/8,"31""","9'8""",WR,70.125,31.375,9.375
WO,"Seals-Jones, Ricky",6045,243,33 1/8,9 5/8,"28""","10'1""",WR,76.625,33.125,9.625
WO,"Smith-Schuster, JuJu",6013,215,32 7/8,10 1/2,"32.5""","10'0""",WR,73.375,32.875,10.5
WO,"Staples, Jamari",6027,195,33 1/2,9 1/2,"36""","10'10""",WR,74.875,33.5,9.5
WO,"Stewart, Ardarius",5111,204,32 1/2,9 3/8,"34""","10'4""",WR,71.125,32.5,9.375
WO,"Switzer, Ryan",5084,181,28,9 1/4,"32""","9'8""",WR,68.5,28,9.25
WO,"Taylor, Taywan",5110,203,32 5/8,9 1/4,"33.5""","11'0""",WR,71,32.625,9.25
WO,"Taylor, Trent",5080,181,28 3/4,8 1/4,"33""","9'9""",WR,68,28.75,8.25
WO,"Thomas, Noel",6004,205,30,8 3/4,"32.5""","9'10""",WR,72.5,30,8.75
WO,"Ward Jr., Greg",5106,186,31 1/8,9 7/8,NA,NA,WR,70.75,31.125,9.875
WO,"Westbrook, Dede",5117,178,30 5/8,9,NA,NA,WR,71.875,30.625,9
WO,"Whitfield, Kermit",5076,185,30,8 1/2,"32.5""","10'0""",WR,67.75,30,8.5
WO,"Williams, Mike",6035,218,33 3/8,9 3/8,"32.5""","10'1""",WR,75.625,33.375,9.375
WO,"Wilson, Bobo",5092,189,31 3/8,9 3/8,NA,NA,WR,69.25,31.375,9.375
NA,NA,NA,NA,NA,NA,NA,NA,NA,NA,NA,NA
Hi,NA,6006,201.4,"32""",9 3/8,35.8,"10' 1/2""",NA,72.75,NA,9.375
NA,NA,NA,NA,NA,NA,NA,NA,NA,NA,NA,NA
Re,NA,NA,NA,NA,NA,"45""","11'7""",NA,NA,NA,NA
TE,"Brown, Pharaoh",6060,255,35 5/8,10 3/8,"34""",NA,TE,78,35.625,10.375
TE,"Butt, Jake",6054,246,32,10.0,NA,NA,TE,77.5,32,10
TE,"Carter, Cethan",6032,241,32 3/8,9.0,NA,NA,TE,75.25,32.375,9
TE,"Daniels, Darrell",6032,247,34 1/2,10 1/4,"32""","9'8""",TE,75.25,34.5,10.25
TE,"Engram, Evan",6033,234,33 1/2,10.0,"36""","10'5""",TE,75.375,33.5,10
TE,"Everett, Gerald",6030,239,33,8 1/2,"37.5""","10'6""",TE,75,33,8.5
TE,"Hikutini, Cole",6040,247,32 3/4,10.0,NA,NA,TE,76,32.75,10
TE,"Hodges, Bucky",6060,257,32 1/2,10 1/8,"39""","11'2""",TE,78,32.5,10.125
TE,"Howard, O.J.",6056,251,33 3/4,10.0,"30""","10'1""",TE,77.75,33.75,10
TE,"Kittle, George",6036,247,33 1/8,9 1/4,"35""",11',TE,75.75,33.125,9.25
TE,"Leggett, Jordan",6054,258,33 1/2,10 3/8,"33""","9'6""",TE,77.5,33.5,10.375
TE,"Njoku, David",6040,246,35 1/4,10.0,"37.5""","11'1""",TE,76,35.25,10
TE,"Orndoff, Scott",6047,253,33 1/4,10.0,"27""","9'4""",TE,76.875,33.25,10
TE,"Plinke, Hayden",6042,264,32 1/2,10.0,"28""","9'1""",TE,76.25,32.5,10
TE,"Roberts, Michael",6043,270,33 1/4,11 1/2,"30""",NA,TE,76.375,33.25,11.5
TE,"Saubert, Eric",6046,253,33 1/2,10 3/8,"33""","10'1""",TE,76.75,33.5,10.375
TE,"Shaheen, Adam",6064,278,33 1/2,9 5/8,"32.5""","10'1""",TE,78.5,33.5,9.625
TE,"Smith, Jonnu",6025,248,32 7/8,9 1/4,"38""","10'7""",TE,74.625,32.875,9.25
TE,"Sprinkle, Jeremy",6047,252,34 1/2,10 3/4,"29""","9'8""",TE,76.875,34.5,10.75
NA,NA,NA,NA,NA,NA,NA,NA,NA,NA,NA,NA
Hi,NA,6044,253.2,33 1/8,"10""","33 1/2""","9'7""",NA,76.5,33.125,NA
NA,NA,NA,NA,NA,NA,NA,NA,NA,NA,NA,NA
Re,NA,NA,NA,NA,NA,"43.5""","10'11""",NA,NA,NA,NA
OL,"Asiata, Isaac",6031,335,33 3/4,10 3/8,"25.5""","8'6""",OL,75.125,33.75,10.375
OL,"Austell, Eric",6032,301,32,9,"27.5""","8'11""",OL,75.25,32,9
OL,"Banner, Zach",6083,353,34 7/8,10 3/4,"23.5""","7'8""",OL,80.375,34.875,10.75
OL,"Bisnowaty, Adam",6055,304,33 7/8,11 3/8,"29.5""","8'0""",OL,77.625,33.875,11.375
OL,"Bolles, Garrett",6050,297,34,9 3/8,"28""","9'7""",OL,77,34,9.375
OL,"Braden, Ben",6064,329,34,9 7/8,"28""","8'6""",OL,78.5,34,9.875
OL,"Brunskill, Daniel",6050,273,33 7/8,9 7/8,"28""","8'10""",OL,77,33.875,9.875
OL,"Buchanan, Collin",6050,316,32 3/8,10 1/2,"25""","8'1""",OL,77,32.375,10.5
OL,"Collins, Aviante",6041,295,33 3/8,9 3/4,NA,NA,OL,76.125,33.375,9.75
OL,"Cooper, Ethan",6020,322,32 5/8,10 3/8,"24.5""","8'3""",OL,74,32.625,10.375
OL,"Davenport, Julian",6066,318,36 1/2,10 1/2,"27""","8'10""",OL,78.75,36.5,10.5
OL,"Dawkins, Dion",6037,314,35,9 7/8,"26""","8'10""",OL,75.875,35,9.875
OL,"Dielman, J.J.",6050,309,32 1/4,"10""",NA,NA,OL,77,32.25,NA
OL,"Dunker, Jessamen",6042,318,33 1/2,10,"28.5""","9'0""",OL,76.25,33.5,10
OL,"Elflein, Pat",6025,303,33 1/4,9 3/4,23.5,"8'3""",OL,74.625,33.25,9.75
OL,"Eluemunor, Jermaine",6037,332,33 1/4,9 1/2,NA,NA,OL,75.875,33.25,9.5
OL,"Feeney, Dan",6037,305,33 3/8,10 1/4,"28""","8'5""",OL,75.875,33.375,10.25
OL,"Fuller, Kyle",6050,307,34 1/8,10 1/8,"26""","8'0""",OL,77,34.125,10.125
OL,"Garcia, Antonio",6060,302,33 3/8,9 7/8,"31""","9'0""",OL,78,33.375,9.875
OL,"Gennesy, Avery",6030,318,33 5/8,9 1/2,"20""","7'7""",OL,75,33.625,9.5
OL,"Harlow, Sean",6040,303,32,9 1/2,"30.5""","8'9""",OL,76,32,9.5
OL,"Holden, Will",6070,311,33 1/4,10 1/8,"28""","9'3""",OL,79,33.25,10.125
OL,"Isidora, Danny",6030,306,33,9 7/8,"29""","7'10""",OL,75,33,9.875
OL,"Johnson, Dorian",6050,300,35 1/4,10 7/8,"30""","9'6""",OL,77,35.25,10.875
OL,"Johnson, Roderick",6070,299,36,10 3/4,NA,NA,OL,79,36,10.75
OL,"Lamp, Forrest",6035,309,32 1/4,10 5/8,"27.5""","9'3""",OL,75.625,32.25,10.625
OL,"Leamon, Javarius",6070,332,35 1/4,9 5/8,"23.5""",NA,OL,79,35.25,9.625
OL,"Lee, Cameron",6050,312,33 7/8,10 7/8,"25.5""","8'4""",OL,77,33.875,10.875
OL,"Levin, Corey",6040,307,33 1/2,10 7/8,"26.5""","8'10""",OL,76,33.5,10.875
OL,"Mama, Damien",6030,334,35,11,"24.5""","8'0""",OL,75,35,11
OL,"McDermott, Conor",6080,307,34 3/4,11,"28.5""","8'9""",OL,80,34.75,11
OL,"Morgan, Jordan",6030,309,34 5/8,10,"27""","8'6""",OL,75,34.625,10
OL,"Moton, Taylor",6050,319,34 1/8,10 5/8,"30.5""","9'1""",OL,77,34.125,10.625
OL,"Orlosky, Tyler",6030,298,32 1/4,9 3/4,NA,NA,OL,75,32.25,9.75
OL,"Pocic, Ethan",6060,310,33 1/8,10 1/8,"27""","8'11""",OL,78,33.125,10.125
OL,"Ramczyk, Ryan",6060,310,33 3/4,10 7/,NA,NA,OL,78,33.75,NA
OL,"Robinson, Cam",6062,322,35 1/2,10 1/2,"26""","8'10""",OL,78.25,35.5,10.5
OL,"Roullier, Chase",6040,312,32 1/4,9 1/2,"26.5""","8'1""",OL,76,32.25,9.5
OL,"Senior, Justin",6050,331,34,10 1/4,"23""","8'2""",OL,77,34,10.25
OL,"Sharpe, David",6060,343,35 3/8,10,"20.5""","8'1""",OL,78,35.375,10
OL,"Siragusa, Nico",6040,319,33 1/2,10 5/8,"32""","9'2""",OL,76,33.5,10.625
OL,"Skipper, Dan",6100,309,33 3/8,10 1/2,"26""","8'1""",OL,82,33.375,10.5
OL,"Tevi, Sam",6050,311,34,10 1/8,"26""","8'11""",OL,77,34,10.125
OL,"Theaker, Nate",6050,315,32 5/8,9 5/8,"27""","8'9""",OL,77,32.625,9.625
OL,"Toth, Jon",6050,307,33 5/8,10,"25.5""","8'4""",OL,77,33.625,10
OL,"Ugokwe, Jerry",6070,321,35 3/8,10 3/8,"26""","8'7""",OL,79,35.375,10.375
OL,"Wheeler, Chad",6070,306,33 1/8,9 1/2,"20.5""","8'9""",OL,79,33.125,9.5
NA,NA,NA,NA,NA,NA,NA,NA,NA,NA,NA,NA
Hi,NA,6056,315.1,34 1/8,10 1/8,"28.4""","8'6.5""",NA,77.75,34.125,10.125
NA,NA,6040,315.5,33 1/2,"10""","27.9""","8'5""",NA,76,33.5,NA
NA,NA,6032,302.8,32 3/4,"9 7/8""","28.8""","8'6""",NA,75.25,32.75,NA
NA,NA,NA,NA,NA,NA,NA,NA,NA,NA,NA,NA
Re,NA,NA,NA,NA,NA,"35.5""","9'10""",NA,NA,NA,NA
DL,"Adams, Montravius",6035,304,32 3/4,9 1/4,"29""","9'0""",DL,75.625,32.75,9.25
DL,"Allen, Jonathan",6025,286,33 5/8,9 3/8,"30""","9'0""",DL,74.625,33.625,9.375
DL,"Barnett, Derek",6030,259,32 1/8,10,"31""","9'9""",DL,75,32.125,10
DL,"Basham, Tarell",6036,269,34 1/4,10 1/4,"31.5""","9'11""",DL,75.75,34.25,10.25
DL,"Bower, Tashawn",6046,250,33 3/8,9 7/8,"31.5""","10'1""",DL,76.75,33.375,9.875
DL,"Brantley, Caleb",6025,307,32,9 3/4,"27""","8'9""",DL,74.625,32,9.75
DL,"Brown, Fadol",6036,273,35,10 1/4,"34""","9'7""",DL,75.75,35,10.25
DL,"Carraway, Josh",6030,242,34 1/4,9 1/4,"29.5""","10'0""",DL,75,34.25,9.25
DL,"Charlton, Taco",6055,277,34 1/4,9 3/4,"33""","9'8""",DL,77.625,34.25,9.75
DL,"Clements, Chunky",6020,301,32 7/8,10 3/8,NA,NA,DL,74,32.875,10.375
DL,"Cox, Bryan",6027,265,33 3/4,9 1/2,"26.5""","9'1""",DL,74.875,33.75,9.5
DL,"Davis, Keionta",6030,271,34 1/8,9 1/2,NA,NA,DL,75,34.125,9.5
DL,"Donahue, Dylan",6025,248,30 1/4,9,"29.5""","9'8""",DL,74.625,30.25,9
DL,"Ekanem, Ken",6026,257,32,10 1/2,NA,"9'7""",DL,74.75,32,10.5
DL,"Garrett, Myles",6044,272,35 1/2,10 1/4,"41""","10'8""",DL,76.5,35.5,10.25
DL,"Glasgow, Ryan",6027,302,33 3/8,9 5/8,"27.5""","8'9""",DL,74.875,33.375,9.625
DL,"Godchaux, Davon",6033,310,32 3/8,10 1/4,NA,NA,DL,75.375,32.375,10.25
DL,"Hall, Daeshon",6052,266,35 5/8,9 5/8,"36""","10'3""",DL,77.25,35.625,9.625
DL,"Harris, Charles",6026,253,32 3/8,9 5/8,"32""","9'1""",DL,74.75,32.375,9.625
DL,"Hendrickson, Trey",6040,266,32,9 7/8,"33.5""","10'2""",DL,76,32,9.875
DL,"Hester, Treyvon",6020,300,32,9 3/4,NA,NA,DL,74,32,9.75
DL,"Johnson, Jaleel",6025,316,33 1/4,9 5/8,"28""","8'4""",DL,74.625,33.25,9.625
DL,"Jones, DJ",6005,319,32 1/2,10 1/4,"28.5""","9'0""",DL,72.625,32.5,10.25
DL,"Jones, Jarron",6056,316,35 1/2,10 1/2,"20.5""",NA,DL,77.75,35.5,10.5
DL,"Jones, Nazair",6051,304,34 5/8,10 7/8,"24.5""","8'5""",DL,77.125,34.625,10.875
DL,"Kpassagnon, Tanoh",6066,289,35 5/8,10 5/8,"30""","10'4""",DL,78.75,35.625,10.625
DL,"Langi, Harvey",6017,251,32 7/8,9 1/8,"33""","9'10""",DL,73.875,32.875,9.125
DL,"Lawson, Carl",6016,261,31 1/2,10 3/8,"33""","9'6""",DL,73.75,31.5,10.375
DL,"Ledbetter, Jeremiah",6031,280,34 1/4,10,"32.5""","9'5""",DL,75.125,34.25,10
DL,"McDowell, Malik",6062,295,34 3/4,10 1/2,"28.5""","9'4""",DL,78.25,34.75,10.5
DL,"McKinley, Takkarist",6020,250,34 3/4,9 3/4,"33""","10'2""",DL,74,34.75,9.75
DL,"Moss, Avery",6033,264,34 1/2,10 3/8,"32.5""","9'6""",DL,75.375,34.5,10.375
DL,"Muhammad, Al-Quadin",6034,253,33 1/4,9 3/8,"30.5""","9'9""",DL,75.5,33.25,9.375
DL,"Nwachukwu, Noble",6013,268,33 1/8,9,"30.5""","9'2""",DL,73.375,33.125,9
DL,"Odenigbo, Ifeadi",6030,258,32 5/8,10 1/2,"31.5""","10'8""",DL,75,32.625,10.5
DL,"Ogunjobi, Larry",6025,305,32 5/8,10,"32""","9'8""",DL,74.625,32.625,10
DL,"Phillips, Carroll",6032,242,33 3/4,9 3/4,"30""","10'3""",DL,75.25,33.75,9.75
DL,"Price, Ejuan",5113,241,32 3/4,10,"31.5""","8'9""",DL,71.375,32.75,10
DL,"Qualls, Elijah",6005,313,30 5/8,9 3/8,"31.5""","8'9""",DL,72.625,30.625,9.375
DL,"Reddick, Haason",6014,237,32 3/4,10 1/8,"36.5""","11'1""",DL,73.5,32.75,10.125
DL,"Rivers, Derek",6035,248,32 3/4,9 3/8,"35""","10'3""",DL,75.625,32.75,9.375
DL,"Rochell, Isaac",6042,280,32 3/4,9 3/4,"31.5""","9'6""",DL,76.25,32.75,9.75
DL,"Sickels, Garrett",6034,261,32 1/8,9 1/2,"28""","8'9""",DL,75.5,32.125,9.5
DL,"Smart, Tanzel",6005,296,32 7/8,9 5/8,"27""","8'9""",DL,72.625,32.875,9.625
DL,"Smoot, Dawuane",6031,264,33 1/4,9 1/4,"29.5""","9'9""",DL,75.125,33.25,9.25
DL,"Taumopenu, Pita",6012,243,32 3/8,9 7/8,"28.5""","9'4""",DL,73.25,32.375,9.875
DL,"Taylor, Vincent",6025,304,34 3/8,10 1/8,"28.5""","9'0""",DL,74.625,34.375,10.125
DL,"Thomas, Solomon",6025,273,33,9 3/8,"35""","10'6""",DL,74.625,33,9.375
DL,"Tomlinson, Dalvin",6027,310,33 1/2,10 1/8,"27""","9'2""",DL,74.875,33.5,10.125
DL,"Tu'ikolovatu, Stevie",6011,331,33 7/8,10 1/4,"24.5""","7'7""",DL,73.125,33.875,10.25
DL,"Vanderdoes, Eddie",6031,305,33 1/8,10 5/8,"28.5""","9'3""",DL,75.125,33.125,10.625
DL,"Walker, Charles",6017,310,33 3/4,9 5/8,"28""","8'11""",DL,73.875,33.75,9.625
DL,"Walker, Demarcus",6040,280,33,10 1/2,NA,NA,DL,76,33,10.5
DL,"Watkins, Carlos",6030,309,34 5/8,10 3/8,NA,NA,DL,75,34.625,10.375
DL,"Williams, Tim",6027,244,32 3/4,9 1/4,"33.5""","10'4""",DL,74.875,32.75,9.25
DL,"Willis, Jordan",6036,255,33 1/2,9 7/8,"39""","10'5""",DL,75.75,33.5,9.875
DL,"Wise, Deatrich",6052,274,35 5/8,10 1/2,"33""","10'5""",DL,77.25,35.625,10.5
DL,"Wormley, Chris",6050,298,34 1/8,10 1/2,NA,NA,DL,77,34.125,10.5
NA,NA,NA,NA,NA,NA,NA,NA,NA,NA,NA,NA
Hi,NA,6040,267.3,33 1/2,9 7/8,"33.5""","9'7""",NA,76,33.5,9.875
NA,NA,6027,308.4,33 1/4,"10""","29.3""","8'9""",NA,74.875,33.25,NA
NA,NA,NA,NA,NA,NA,NA,NA,NA,NA,NA,NA
Re,NA,NA,NA,NA,NA,"42""","10'9""",NA,NA,NA,NA
LB,"Anderson, Ryan",6020,253,31 1/2,9 3/8,NA,NA,LB,74,31.5,9.375
LB,"Anzalone, Alex",6027,241,32 1/8,9 1/8,"30.5""","9'8""",LB,74.875,32.125,9.125
LB,"Beckwith, Kendell",6020,243,33,9 1/2,NA,NA,LB,74,33,9.5
LB,"Biegel, Vince",6032,246,32 3/8,9 1/8,"33.5""","9'10""",LB,75.25,32.375,9.125
LB,"Boulware, Ben",6000,238,30 1/2,10,"29.5""","9'3""",LB,72,30.5,10
LB,"Bowser, Tyus",6025,247,33 1/4,10 1/8,"37.5""","10'7""",LB,74.625,33.25,10.125
LB,"Brown, Blair",5114,238,31 1/4,9 3/8,"37""","10'4""",LB,71.5,31.25,9.375
LB,"Brown, Jayon",6000,231,31 3/8,9 5/8,"31.5""","10'4""",LB,72,31.375,9.625
LB,"Bullough, Riley",6020,226,31 1/4,9 7/8,"31.5""","9'8""",LB,74,31.25,9.875
LB,"Cunningham, Zach",6034,234,34 3/8,9 1/4,"35""","10'5""",LB,75.5,34.375,9.25
LB,"Davis, Jarrad",6010,238,33 1/2,9 3/4,NA,NA,LB,73,33.5,9.75
LB,"Davis, Kevin",6017,235,32 3/8,10 1/4,"30.5""","9'2""",LB,73.875,32.375,10.25
LB,"Ellis, Brooks",6017,240,31 3/4,9 3/4,"29.5""","9'7""",LB,73.875,31.75,9.75
LB,"Fields, Devonte",6024,236,32 3/8,9,"34""","10'4""",LB,74.5,32.375,9
LB,"Foster, Reuben",6000,229,32 3/8,10 1/4,NA,NA,LB,72,32.375,10.25
LB,"Gedeon, Ben",6016,244,32 5/8,10,"34.5""","9'11""",LB,73.75,32.625,10
LB,"Harris, Connor",5111,242,30 1/8,9 3.8,"33""","9'6""",LB,71.125,30.125,NA
LB,"Kelsey, Keith",6003,233,31 3/8,10 1/8,"29.5""","9'4""",LB,72.375,31.375,10.125
LB,"Lee, Marquel",6032,240,32 1/2,9 1/2,"31""","9'10""",LB,75.25,32.5,9.5
LB,"Mathis, Joe",6020,266,33,9,NA,NA,LB,74,33,9
LB,"McMillan, Raekwon",6017,240,33,9 3/4,"33""","10'1""",LB,73.875,33,9.75
LB,"Milano, Matt",6004,223,32,9 3/8,"35""","10'6""",LB,72.5,32,9.375
LB,"Nickerson, Hardy",5115,232,32,10,"33""","9'8""",LB,71.625,32,10
LB,"Peppers, Jabrill",5107,213,30 3/4,9 5/8,"35.5""","10'8""",LB,70.875,30.75,9.625
LB,"Reeves-Maybin, Jalen",6003,230,32 1/4,9 5/8,NA,NA,LB,72.375,32.25,9.625
LB,"Riley, Duke",6004,232,32 7/8,9 1/4,"34.5""","10'2""",LB,72.5,32.875,9.25
LB,"Vallejo, Tanner",6014,228,30 1/2,9 5/8,"33.5""","10'1""",LB,73.5,30.5,9.625
LB,"Walker, Anthony",6005,238,30 3/8,9 1/2,"30.5""","9'8""",LB,72.625,30.375,9.5
LB,"Watt, T.J.",6044,252,33 1/8,11,"37""","10'8""",LB,76.5,33.125,11
NA,NA,NA,NA,NA,NA,NA,NA,NA,NA,NA,NA
Hi,NA,6020,242,32 3/8,9 5/8,"34.8""","9'9.5""",NA,74,32.375,9.625
NA,NA,6016,241,NA,NA,"33.4""","9'5.5""",NA,73.75,NA,NA
NA,NA,NA,NA,NA,NA,NA,NA,NA,NA,NA,NA
Re,NA,NA,NA,NA,NA,"42.5""","11'7""",NA,NA,NA,NA
DB,"Adams, Jamal",5116,214,33 3/8,9 1/4,"31.5""","10'0""",DB,71.75,33.375,9.25
DB,"Allen, Brian",6031,215,34,10,"34.5""","9'9""",DB,75.125,34,10
DB,"Awuzie, Chidobe",5117,202,30 5/8,8 12,"34.5""","11'0""",DB,71.875,30.625,NA
DB,"Baker, Budda",5095,195,30 5/8,9,"32.5""","9'7""",DB,69.625,30.625,9
DB,"Carter, Jamal",6007,218,31,9 3/8,"35""","10'2""",DB,72.875,31,9.375
DB,"Clark, Chuck",6000,208,32 1/4,9,"34""","10'2""",DB,72,32.25,9
DB,"Clark, Jeremy",6030,220,32 7/8,9 3/8,NA,NA,DB,75,32.875,9.375
DB,"Conley, Gareon",6000,195,33,9 1/2,"37""","10'9""",DB,72,33,9.5
DB,"Decoud, Treston",6017,206,33,9 1/4,"31""","9'8""",DB,73.875,33,9.25
DB,"Douglas, Rasul",6015,209,32 3/8,9 1/4,"31""","10'0""",DB,73.625,32.375,9.25
DB,"Elder, Corn",5097,183,31 1/4,8 3/4,"33.5""",NA,DB,69.875,31.25,8.75
DB,"Evans, Justin",5115,199,32 7/8,9 3/4,NA,NA,DB,71.625,32.875,9.75
DB,"Ford, Jonathan",5110,205,30 1/4,8 7/8,NA,NA,DB,71,30.25,8.875
DB,"Gerry, Nate",6020,218,31 1/4,9 1/4,"30.5""","10'2""",DB,74,31.25,9.25
DB,"Griffin, Shaquill",6001,194,32 3/8,8 3/4,"38.5""","11'0""",DB,72.125,32.375,8.75
DB,"Hairston, Nate",5117,196,31,9 1/2,"35.5""","9'10""",DB,71.875,31,9.5
DB,"Harvey-Clemons, Josh",6040,217,35 3/8,10 3/8,NA,"10'1""",DB,76,35.375,10.375
DB,"Hill, Delano",6010,216,32 1/8,9 3/8,"33.5""","9'7""",DB,73,32.125,9.375
DB,"Hooker, Malik",6010,206,32 1/4,10 3/4,NA,NA,DB,73,32.25,10.75
DB,"Humphrey, Marlon",6002,197,32 1/4,8 3/4,NA,"10'5""",DB,72.25,32.25,8.75
DB,"Jackson, Adoree",5100,186,31 3/8,9 1/4,"36""","10'2""",DB,70,31.375,9.25
DB,"Jackson, Eddie",6003,201,32 1/4,9 1/4,NA,NA,DB,72.375,32.25,9.25
DB,"Jenkins, Rayshawn",6010,214,32 3/4,9 5/8,"37""","10'8""",DB,73,32.75,9.625
DB,"Jerome, Lorenzo",5104,204,30 5/8,8 5/8,NA,NA,DB,70.5,30.625,8.625
DB,"Johnson, Jadar",6003,206,32,9 1/4,"33""","9'11""",DB,72.375,32,9.25
DB,"Johnson, John",6004,208,32 1/2,9 7/8,"37""","9'11""",DB,72.5,32.5,9.875
DB,"Jones, Josh",6013,220,32,9 3/8,"37.5""","11'0""",DB,73.375,32,9.375
DB,"Jones, Sidney",6000,186,31 1/2,9 3/8,"33.5""","10'3""",DB,72,31.5,9.375
DB,"Kazee, Damontae",5102,184,30 7/8,8 5/8,"34""","10'4""",DB,70.25,30.875,8.625
DB,"King, Desmond",5100,201,31 1/8,9 5/8,"34""","9'9""",DB,70,31.125,9.625
DB,"King, Kevin",6030,200,32,9 1/2,"39.5""",NA,DB,75,32,9.5
DB,"Lampkin, Ashton",6002,201,32 3/8,9 1/2,"34.5""","10'0""",DB,72.25,32.375,9.5
DB,"Langley, Brendan",6003,189,31,9 3/8,"35.5""","10'3""",DB,72.375,31,9.375
DB,"Lattimore, Marshon",6000,193,31 1/4,8 7/8,"38.5""","11'0""",DB,72,31.25,8.875
DB,"Lewis, Jourdan",5102,188,31 5/8,9 1/4,"34.5""","10'1""",DB,70.25,31.625,9.25
DB,"Likely, Will",5065,180,29,9 1/2,NA,NA,DB,66.625,29,9.5
DB,"Luani, Shalom",5113,202,32,9 3/4,"31""","9'8""",DB,71.375,32,9.75
DB,"Maulet, Art",5100,189,31 1/4,9 5/8,"34.5""","10'0""",DB,70,31.25,9.625
DB,"Maye, Marcus",6000,212,32 1/2,9 1/8,NA,NA,DB,72,32.5,9.125
DB,"Melifonwu, Obi",6037,224,32 1/2,9 1/8,"44""","11'9""",DB,75.875,32.5,9.125
DB,"Moreau, Fabian",6004,206,31 3/8,9,"38""","11'4""",DB,72.5,31.375,9
DB,"Myrick, Jalen",5100,200,31 5/8,8 3/4,"37.5""","10'4""",DB,70,31.625,8.75
DB,"Nicholson, Montae",6023,212,33 3/8,9 1/2,"35""","10'5""",DB,74.375,33.375,9.5
DB,"Robinson, Ezra",5110,189,31 1/2,8 3/4,"34""","10'10""",DB,71,31.5,8.75
DB,"Shelton, Sojourn",5090,177,31,8 3/8,"35""","10'0""",DB,69,31,8.375
DB,"Stribling, Channing",6012,188,31 1/2,8 1/2,"31.5""","9'6""",DB,73.25,31.5,8.5
DB,"Sutton, Cameron",5112,188,30,8 1/4,"34""","10'0""",DB,71.25,30,8.25
DB,"Tabor, Teez",6004,199,32,8 5/8,"31""","10'0""",DB,72.5,32,8.625
DB,"Tankersley, Cordrea",6012,199,32 1/4,9 1/8,"29.5""","10'1""",DB,73.25,32.25,9.125
DB,"Thompson, Tedric",6000,204,31 1/2,9 5/8,"32.5""","9'9""",DB,72,31.5,9.625
DB,"Tocho, Jack",6002,202,31 5/8,9 3/8,"35""","10'5""",DB,72.25,31.625,9.375
DB,"Travis, Damarius",6007,206,31 3/4,9,"32.5""","9'7""",DB,72.875,31.75,9
DB,"Tyson, Mike",6011,204,31 3/4,9 1/4,"33""","9'10""",DB,73.125,31.75,9.25
DB,"White, Marquez",5116,194,32 1/8,10 7/8,"36""","10'3""",DB,71.75,32.125,10.875
DB,"White, Tre'Davious",5112,192,32 1/8,9 1/8,"32""","9'11""",DB,71.25,32.125,9.125
DB,"Williams, Marcus",6005,202,32 1/2,9 1/2,"43.5""","10'9""",DB,72.625,32.5,9.5
DB,"Wilson, Howard",6005,184,31 3/8,9 5/8,"33.5""","9'11""",DB,72.625,31.375,9.625
DB,"Wilson, Quincy",6014,211,32 1/4,9 5/8,"32""","9'10""",DB,73.5,32.25,9.625
DB,"Witherspoon, Ahkello",6026,198,33,9 7/8,"40.5""","10'7""",DB,74.75,33,9.875
DB,"Woods, Xavier",5111,197,30 3/8,9 3/8,"33.5""","10'2""",DB,71.125,30.375,9.375
NA,NA,NA,NA,NA,NA,NA,NA,NA,NA,NA,NA
Hi,NA,5115,195.8,31 3/8,9 1/8,"36.3""","10'2""",NA,71.625,31.375,9.125
NA,NA,6005,208.7,31 5/8,9 3/8,"36.2""","10'1/2""",NA,72.625,31.625,9.375
NA,NA,NA,NA,NA,NA,NA,NA,NA,NA,NA,NA
Re,NA,NA,NA,NA,NA,"45""","12'3""",NA,NA,NA,NA
PK,"Baker, Tobey",6031,210,31 5/8,9 1/4,NA,NA,SPEC,75.125,31.625,9.25
PK,"Butker, Harrison",6040,199,31 3/4,8 3/4,NA,NA,SPEC,76,31.75,8.75
PK,"Elliot, Jake",5090,167,29.0,9.0,NA,NA,SPEC,69,29,9
PK,"Gonzalez, Zane",6000,202,29 1/2,9.0,NA,NA,SPEC,72,29.5,9
PK,"Hunt, Hayden",6000,212,29 7/8,9 1/4,NA,NA,SPEC,72,29.875,9.25
PK,"Johnston, Cameron",5110,194,31.0,9.0,NA,NA,SPEC,71,31,9
PK,"Rehkow, Austin",6030,214,31 7/8,9 7/8,NA,NA,SPEC,75,31.875,9.875
PK,"Ukropina, Conrad",6000,190,31 3/8,9 1/8,NA,NA,SPEC,72,31.375,9.125
PK,"Vogel, Justin",6040,219,32 1/2,9.0,"34""",NA,SPEC,76,32.5,9
NA,NA,NA,NA,NA,NA,NA,NA,NA,NA,NA,NA
ST,"Holba, Colin",6040,248,33 5/8,9 5/8,"28""","9'7""",SPEC,76,33.625,9.625
ST,"Northnagel, Bradley",6023,243,32 1/2,10.0,"25.5""","8'3""",SPEC,74.375,32.5,10
QB,"Allen, Austin",6003,209,30 5/8,9 5/8,"29.5""","9'4""",QB,72.375,30.625,9.625
QB,"Allen, Josh",6047,237,33 1/4,10 1/8,"33.5""","9'11""",QB,76.875,33.25,10.125
QB,"Barrett, J.T.",6012,224,32,9 7/8,"30""","9'0""",QB,73.25,32,9.875
QB,"Benkert, Kurt",6025,218,31,9 1/2,"31""","9'4""",QB,74.625,31,9.5
QB,"Darnold, Sam",6033,221,31,9 3/8,26.5',"8'9""",QB,75.375,31,9.375
QB,"Etling, Danny",6020,215,31,9 3/8,"30.5""","9'6""",QB,74,31,9.375
QB,"Falk, Luke",6035,215,32,9 1/4,"26.5""","8'7""",QB,75.625,32,9.25
QB,"Ferguson, Riley",6026,212,30 7/8,9 5/8,"29""","9'2""",QB,74.75,30.875,9.625
QB,"Flowers, Quinton",5103,210,30 7/8,9 3/4,NA,"9'4""",QB,70.375,30.875,9.75
QB,"Jackson, Lamar",6022,216,33 1/8,9 1/2,NA,NA,QB,74.25,33.125,9.5
QB,"Lauletta, Kyle",6025,222,30 5/8,9 3/4,"31""","9'5""",QB,74.625,30.625,9.75
QB,"Lee, Tanner",6042,218,32 1/2,10,"32""","9'7""",QB,76.25,32.5,10
QB,"Litton, Chase",6050,232,32 1/4,9 3/8,"29.5""","8'10""",QB,77,32.25,9.375
QB,"Mayfield, Baker",6005,215,30 1/4,9 1/4,"29""","9'3""",QB,72.625,30.25,9.25
QB,"Rosen, Josh",6040,226,31 3/4,9 7/8,"31""","9'3""",QB,76,31.75,9.875
QB,"Rudolph, Mason",6045,235,32 3/8,9 1/8,"26""",NA,QB,76.625,32.375,9.125
QB,"Shimonek, Nik",6030,225,30 3/4,9 1/4,"28.5""","8'5""",QB,75,30.75,9.25
QB,"White, Mike",6045,224,31 7/8,9 1/2,"27""","8'0""",QB,76.625,31.875,9.5
QB,"Woodside, Logan",6012,201,31,9 3/4,"31.5""","8'7""",QB,73.25,31,9.75
NA,NA,NA,NA,NA,NA,NA,NA,NA,NA,NA,NA
Hi,NA,6026,224,32 1/8,9 5/8,"31""","9'2""",NA,74.75,32.125,9.625
NA,NA,NA,NA,NA,NA,NA,NA,NA,NA,NA,NA
Re,NA,NA,NA,NA,NA,"40""","10'8""",NA,NA,NA,NA
RB,"Adams, Josh",6015,213,33 3/4,9 1/4,NA,NA,RB,73.625,33.75,9.25
RB,"Ballage, Kalen",6014,228,32 3/4,9 1/2,"33.5""","10'2""",RB,73.5,32.75,9.5
RB,"Barkley, Saquon",6000,233,31 3/8,9 1/2,"41""",NA,RB,72,31.375,9.5
RB,"Bawden, Nick",6020,245,30 1/2,9 1/4,NA,NA,RB,74,30.5,9.25
RB,"Chubb, Nick",5107,227,32,9 5/8,"38.5""","10'8""",RB,70.875,32,9.625
RB,"Coleman, Lavon",5106,223,30 1/2,9 1/4,"33""","10'0""",RB,70.75,30.5,9.25
RB,"Crawford, Justin",5113,202,32,9 1/8,"33.5""","10'2""",RB,71.375,32,9.125
RB,"Edmonds, Chase",5091,205,31 1/8,9,"34""","10'2""",RB,69.125,31.125,9
RB,"Ernsberger, Donnie",6026,255,31 5/8,9 3/4,"31""","9'6""",RB,74.75,31.625,9.75
RB,"Flowers, Dimitri",6017,248,30 3/4,9 1/4,"30.5""","9'1""",RB,73.875,30.75,9.25
RB,"Franklin, Jarvion",5114,225,31 1/4,9 1/4,"30""","9'1""",RB,71.5,31.25,9.25
RB,"Freeman, Royce",5114,229,32,9 1/2,"34""","9'10""",RB,71.5,32,9.5
RB,"Guice, Derrius",5104,224,30 3/4,9,"31.5""",NA,RB,70.5,30.75,9
RB,"Hicks, Kyle",5095,202,32 1/2,9 1/2,"36.5""","10'2""",RB,69.625,32.5,9.5
RB,"Hines, Nyheim",5083,198,30 3/4,8 7/8,"35.5""","9'11""",RB,68.375,30.75,8.875
RB,"Jackson, Justin",6000,193,30 5/8,9 1/4,"38.5""","10'2""",RB,72,30.625,9.25
RB,"Johnson, Kerryon",5114,213,32 1/2,9 3/4,"40""","10'6""",RB,71.5,32.5,9.75
RB,"Jones, Ronald",5110,205,31,8 3/4,"36.5""",NA,RB,71,31,8.75
RB,"Kelly, John",5097,216,31 3/8,9 3/8,"35""","10'0""",RB,69.875,31.375,9.375
RB,"Michel, Sony",5105,214,31 1/4,9 1/8,NA,NA,RB,70.625,31.25,9.125
RB,"Nall, Ryan",6021,232,31 1/2,10,"33""","10'2""",RB,74.125,31.5,10
RB,"Penny, Rashaad",5110,220,31 1/4,9 1/4,"32.5""","10'0""",RB,71,31.25,9.25
RB,"Pettway, Kamryn",5116,235,31 1/4,9 1/2,"33.5""","9'8""",RB,71.75,31.25,9.5
RB,"Richard, Demario",5086,218,28 3/4,9 1/4,"29.5""","9'7""",RB,68.75,28.75,9.25
RB,"Scarbrough, Bo",6013,228,33 1/2,10,"40""","10'9""",RB,73.375,33.5,10
RB,"Thomas, Roc",5101,198,31 5/8,9 1/4,"35.5""","10'5""",RB,70.125,31.625,9.25
RB,"Wadley, Akrum",5097,194,29 1/2,8 1/4,"32""",NA,RB,69.875,29.5,8.25
RB,"Walton, Mark",5095,202,30,9 1/4,"31.5""","9'10""",RB,69.625,30,9.25
RB,"Warren, Chris",6020,250,32,10,"33""","10'1""",RB,74,32,10
RB,"Wilkins, Jordan",6005,216,30 1/8,9 3/8,"36""","9'9""",RB,72.625,30.125,9.375
RB,"Williams, Darrel",5115,229,31,9 3/8,"32""","9'1""",RB,71.625,31,9.375
RB,"Wilson, Jeffrey",5114,210,31 1/2,9 1/4,NA,NA,RB,71.5,31.5,9.25
NA,NA,NA,NA,NA,NA,NA,NA,NA,NA,NA,NA
NA,NA,NA,NA,NA,NA,NA,NA,NA,NA,NA,NA
Hi,NA,5105,213.3,"31""",9 1/4,"35.1""","9'11""",NA,70.625,NA,9.25
NA,NA,NA,NA,NA,NA,NA,NA,NA,NA,NA,NA
Re,NA,NA,NA,NA,NA,"43""","11'3""",NA,NA,NA,NA
WO,"Ateman, Marcell",6044,216,32 7/8,9,"34""","10'1""",WR,76.5,32.875,9
WO,"Berrios, Braxton",5085,184,28,9 1/4,NA,NA,WR,68.625,28,9.25
WO,"Burnett, Deontay",5115,186,31 1/2,8 5/8,NA,NA,WR,71.625,31.5,8.625
WO,"Cain, Deon",6017,202,33,8 3/4,"33.5""","9'7""",WR,73.875,33,8.75
WO,"Callaway, Antonio",5105,200,31 1/2,9 1/2,"38.5""","10'1""",WR,70.625,31.5,9.5
WO,"Cantrell, Dylan",6027,226,31 3/8,9 1/4,"38.5""","10'10""",WR,74.875,31.375,9.25
WO,"Carrington, Darren",6022,199,32 3/4,10 3/8,"36""","10'0""",WR,74.25,32.75,10.375
WO,"Chark, D.J.",6027,199,32 3/8,9 1/4,"40""","10'9""",WR,74.875,32.375,9.25
WO,"Cobbs, Simmie",6031,220,32,9 1/4,"30""","9'5""",WR,75.125,32,9.25
WO,"Coutee, Keke",5096,181,29 7/8,8 3/8,"34.5""","9'5""",WR,69.75,29.875,8.375
WO,"Foster, Robert",6015,196,32 1/8,9 1/4,"31""","9'8""",WR,73.625,32.125,9.25
WO,"Gallup, Michael",6006,205,31 1/2,9 1/4,"36""","10'2""",WR,72.75,31.5,9.25
WO,"Grayson, Davon",6006,187,31 3/8,9 3/8,"34.5""","10'4""",WR,72.75,31.375,9.375
WO,"Hamilton, Daesean",6005,203,31,9 3/8,"34.5""","9'10""",WR,72.625,31,9.375
WO,"Henderson, Quadree",5080,190,29 1/2,9 7/8,"32.5""","10'0""",WR,68,29.5,9.875
WO,"James, Richie",5101,178,31 1/4,9 1/4,"35.5""","10'2""",WR,70.125,31.25,9.25
WO,"Kirk, Christian",5103,201,30 3/8,9 7/8,"35.5""","9'7""",WR,70.375,30.375,9.875
WO,"Lacy, Chris",6030,205,31 1/4,9 3/4,"33.5""","10'0""",WR,75,31.25,9.75
WO,"Lasley, Jordan",6010,203,32 3/4,9 5/8,"34.5""","9'4""",WR,73,32.75,9.625
WO,"Lazard, Allen",6045,225,32 1/4,9 3/4,"38""","10'2""",WR,76.625,32.25,9.75
WO,"Martin, Tavares",6005,185,32 1/8,9 1/8,"31.5""",NA,WR,72.625,32.125,9.125
WO,"McCloud, Ray-Ray",5094,190,30 1/4,9 1/4,"34.5""","9'5""",WR,69.5,30.25,9.25
WO,"Miller, Anthony",5111,201,31 5/8,10,NA,NA,WR,71.125,31.625,10
WO,"Mitchell, Steven",5102,189,30 3/8,9 3/8,"32.5""","10'1""",WR,70.25,30.375,9.375
WO,"Moore, D.J.",6000,210,31 5/8,9,"39.5""",11',WR,72,31.625,9
WO,"Moore, J'Mon",6025,207,32 7/8,9 3/8,"38""","10'0""",WR,74.625,32.875,9.375
WO,"Pettis, Dante",6004,186,32 1/4,9 1/2,NA,NA,WR,72.5,32.25,9.5
WO,"Phillips, Cam",6000,195,30 1/2,8 7/8,NA,NA,WR,72,30.5,8.875
WO,"Pringle, Byron",6010,205,32,9 1/4,"33.5""","10'0""",WR,73,32,9.25
WO,"Quinn, Trey",5113,203,30 3/4,10 1/8,"33.5""","9'8""",WR,71.375,30.75,10.125
WO,"Ridley, Calvin",6004,189,31 5/8,9 1/8,"31""","9'2""",WR,72.5,31.625,9.125
WO,"Robertson, Korey",6005,212,32 7/8,9 1/8,"34""","10'3""",WR,72.625,32.875,9.125
WO,"Scott, Jaleel",6046,218,33 1/2,10,"34.5""","10'4""",WR,76.75,33.5,10
WO,"Smith, Tre'Quan",6020,210,33 3/8,9 1/2,"37.5""","10'10""",WR,74,33.375,9.5
WO,"St. Brown, Equanimeous",6046,214,33,9 3/4,NA,NA,WR,76.75,33,9.75
WO,"Sutton, Courtland",6033,218,32 3/8,9 3/4,"35.5""","10'4""",WR,75.375,32.375,9.75
WO,"Tate, Auden",6047,228,33 3/4,9 3/8,"31""","9'4""",WR,76.875,33.75,9.375
WO,"Valdes-Scantling, Marquez",6040,206,32 1/4,10,"30.5""","10'4""",WR,76,32.25,10
WO,"Washington, James",5110,213,32 3/8,9 3/4,"34.5""","10'0""",WR,71,32.375,9.75
WO,"Weah, Jester",6020,210,31 1/8,9 5/8,"38""","10'9""",WR,74,31.125,9.625
WO,"White, Ka'Raun",6010,199,32 1/4,9 5/8,"33.5""","9'10""",WR,73,32.25,9.625
WO,"Wieneke, Jake",6040,221,33,9 7/8,"34""","9'6""",WR,76,33,9.875
WO,"Wilson, Cedrick",6022,188,31 1/2,9 3/4,"37""","10'1""",WR,74.25,31.5,9.75
WO,"Wims, Javon",6027,215,31 1/2,9 1/4,"33.5""","9'5""",WR,74.875,31.5,9.25
NA,NA,NA,NA,NA,NA,NA,NA,NA,NA,NA,NA
NA,NA,NA,NA,NA,NA,NA,NA,NA,NA,NA,NA
NA,NA,NA,NA,NA,NA,NA,NA,NA,NA,NA,NA
Hi,NA,6006,201.4,"32""",9 3/8,35.8,"10' 1/2""",NA,72.75,NA,9.375
NA,NA,NA,NA,NA,NA,NA,NA,NA,NA,NA,NA
Re,NA,NA,NA,NA,NA,"45""","11'7""",NA,NA,NA,NA
TE,"Akins, Jordan",6030,249,33 1/2,9 1/4,NA,NA,TE,75,33.5,9.25
TE,"Andrews, Mark",6051,256,32 1/2,9 1/2,NA,"9'5""",TE,77.125,32.5,9.5
TE,"Baugh, Marcus",6034,247,33 1/2,10.0,"33""","9'9""",TE,75.5,33.5,10
TE,"Conklin, Tyler",6030,254,33,9 1/2,"38""","10'0""",TE,75,33,9.5
TE,"Dissly, Will",6036,262,33 1/4,9 3/4,NA,"9'3""",TE,75.75,33.25,9.75
TE,"Fumagalli, Troy",6046,247,34 1/8,10 1/4,NA,NA,TE,76.75,34.125,10.25
TE,"Gesicki, Mike",6054,247,34 1/8,10 1/4,"41.5""","10'9""",TE,77.5,34.125,10.25
TE,"Goedert, Dallas",6045,256,34,10.0,NA,NA,TE,76.625,34,10
TE,"Herndon, Chris",6036,253,32 7/8,9 1/4,NA,NA,TE,75.75,32.875,9.25
TE,"Hurst, Hayden",6044,250,32 3/4,9 3/4,NA,"10'0""",TE,76.5,32.75,9.75
TE,"Izzo, Ryan",6045,256,32 1/8,9.0,"33""","9'2""",TE,76.625,32.125,9
TE,"Samuels, Jaylen",5114,225,31 3/8,9 1/4,"34.5""","10'1""",TE,71.5,31.375,9.25
TE,"Schultz, Dalton",6053,244,31 1/4,9 1/2,NA,"10'0""",TE,77.375,31.25,9.5
TE,"Smythe, Durham",6053,253,31 3/4,9 1/4,NA,"9'2""",TE,77.375,31.75,9.25
TE,"Thomas, Ian",6035,259,32 1/2,10.0,"36""","9'3""",TE,75.625,32.5,10
TE,"Thomas, Jordan",6054,265,34 1/8,11.0,NA,"10'3""",TE,77.5,34.125,11
TE,"Wells, David",6060,255,32 1/4,9 5/8,"33""","9'8""",TE,78,32.25,9.625
NA,NA,NA,NA,NA,NA,NA,NA,NA,NA,NA,NA
NA,NA,NA,NA,NA,NA,NA,NA,NA,NA,NA,NA
NA,NA,NA,NA,NA,NA,NA,NA,NA,NA,NA,NA
Hi,NA,6044,253.2,33 1/8,"10""","33 1/2""","9'7""",NA,76.5,33.125,NA
NA,NA,NA,NA,NA,NA,NA,NA,NA,NA,NA,NA
Re,NA,NA,NA,NA,NA,"43.5""","11'2""",NA,NA,NA,NA
OL,"Allen, Brian",6010,300,32 3/8,9 1/4,"26""","8'3""",OL,73,32.375,9.25
OL,"Bright, David",6050,299,33 1/4,10 1/4,NA,NA,OL,77,33.25,10.25
OL,"Brown, Orlando",6077,345,35,9 3/4,"19.5""","6'10""",OL,79.875,35,9.75
OL,"Cappa, Alex",6056,305,32 5/8,9 1/4,"26.5""","8'1""",OL,77.75,32.625,9.25
OL,"Christian, Geron",6051,298,35 1/4,10 3/4,NA,NA,OL,77.125,35.25,10.75
OL,"Clapp, Will",6044,314,31 1/4,9 5/8,"29""","8'1""",OL,76.5,31.25,9.625
OL,"Cole, Mason",6041,305,32 1/8,9 5/8,"23.5""","8'8""",OL,76.125,32.125,9.625
OL,"Corbett, Austin",6043,306,33 1/8,10 1/2,"28""","8'10""",OL,76.375,33.125,10.5
OL,"Crosby, Tyrell",6045,309,35,10 3/4,"30""","8'9""",OL,76.625,35,10.75
OL,"Daniels, James",6033,306,33 3/4,9 1/2,"30.5""","9'0""",OL,75.375,33.75,9.5
OL,"Demby, Jamil",6044,335,33 3/4,10 3/4,"23.5""","8'2""",OL,76.5,33.75,10.75
OL,"Gates, Nick",6053,295,32,10 1/4,"24""","7'10""",OL,77.375,32,10.25
OL,"Gossett, Colby",6047,315,33 7/8,10 7/8,"25""","8'7""",OL,76.875,33.875,10.875
OL,"Harrison, Des",6060,292,34,10 3/8,NA,NA,OL,78,34,10.375
OL,"Hearn, Taylor",6040,330,32 1/2,8 3/4,"24""","8'0""",OL,76,32.5,8.75
OL,"Hernandez, Will",6023,327,"32""",9 7/8,"24""","8'8""",OL,74.375,NA,9.875
OL,"Jones, Jamarco",6040,299,35 1/8,9 1/2,"24""","8'6""",OL,76,35.125,9.5
OL,"Jones, Sam",6045,290,31,9 1/2,"27""","8'5""",OL,76.625,31,9.5
OL,"Jones-Smith, Jaryd",6064,317,36 1/4,10,"27""","9'1""",OL,78.5,36.25,10
OL,"Leonard, Rick",6070,305,32 1/4,9 1/4,NA,NA,OL,79,32.25,9.25
OL,"Madison, Cole",6050,313,32 1/2,10 3/8,"28.5""","8'1""",OL,77,32.5,10.375
OL,"Malone, K.J.",6035,321,33 1/2,9 1/4,"29.5""","8'7""",OL,75.625,33.5,9.25
OL,"McDermott, K.C.",6055,300,32 1/2,9 3/4,"23.5""","8'1""",OL,77.625,32.5,9.75
OL,"McGlinchey, Mike",6077,309,34,10,"28.5""","8'9""",OL,79.875,34,10
OL,"Miller, Kolton",6085,309,34,10 3/4,"31.5""","10'1""",OL,80.625,34,10.75
OL,"Nelson, Quenton",6050,325,33 3/4,10 3/8,"26.5""","8'9""",OL,77,33.75,10.375
OL,"Noteboom, Joe",6050,309,34 3/8,9 5/8,"24""","8'6""",OL,77,34.375,9.625
OL,"Okorafor, Chukwuma",6060,320,34 1/2,10 1/4,"23.5""","8'6""",OL,78,34.5,10.25
OL,"O'Neill, Brian",6067,297,34,9 3/8,"29.5""","8'11""",OL,78.875,34,9.375
OL,"Parker, Brandon",6075,305,35,9 7/8,"28.5""","9'5""",OL,79.625,35,9.875
OL,"Parris, Timon",6060,320,33 7/8,9 3/8,NA,NA,OL,78,33.875,9.375
OL,"Phillips, Skyler",6026,324,33,9 1/2,"29""","8'8""",OL,74.75,33,9.5
OL,"Price, Billy",6036,305,32,9 3/4,NA,NA,OL,75.75,32,9.75
OL,"Quessenberry, Scott",6035,315,31 3/4,9 3/4,"33.5""","9'3""",OL,75.625,31.75,9.75
OL,"Ragnow, Frank",6051,312,33 1/8,9 3/8,NA,NA,OL,77.125,33.125,9.375
OL,"Rankin, Martinas",6043,308,33 3/4,10 1/8,NA,NA,OL,76.375,33.75,10.125
OL,"Richardson, Will",6055,306,35 1/4,9 7/8,"31.5""","9'0""",OL,77.625,35.25,9.875
OL,"Senat, Greg",6062,305,34 7/8,9 78,"26""","8'10""",OL,78.25,34.875,NA
OL,"Shelton, Coleman",6030,295,31 1/2,8 1/2,"26.5""","9'2""",OL,75,31.5,8.5
OL,"Smith, Braden",6062,315,32 1/4,9 3/8,"33.5""","9'5""",OL,78.25,32.25,9.375
OL,"Taylor, Rod",6027,321,34 1/4,9 3/4,"30.5""","8'3""",OL,74.875,34.25,9.75
OL,"Teller, Wyatt",6044,301,34,10 1/2,"29""","9'6""",OL,76.5,34,10.5
OL,"Toth, Brett",6060,305,33 3/8,10 1/4,NA,NA,OL,78,33.375,10.25
OL,"Uhatafe, Leka",6050,295,33,10 1/4,"28""","9'1""",OL,77,33,10.25
OL,"Weathersby, Toby",6043,317,33 1/4,10 1/4,"24.5""","8'10""",OL,76.375,33.25,10.25
OL,"Welsh, Sean",6026,300,32,10 1/4,"25""","8'7""",OL,74.75,32,10.25
OL,"Williams, Connor",6051,296,33,10 1/2,"34""","9'4""",OL,77.125,33,10.5
OL,"Wynn, Isaiah",6023,313,33 3/8,8 1/2,NA,NA,OL,74.375,33.375,8.5
NA,NA,NA,NA,NA,NA,NA,NA,NA,NA,NA,NA
Hi,NA,6056,315.1,34 1/8,10 1/8,"28.4""","8'6.5""",NA,77.75,34.125,10.125
NA,NA,6040,315.5,33 1/2,"10""","27.9""","8'5""",NA,76,33.5,NA
NA,NA,6032,302.8,32 3/4,"9 7/8""","28.8""","8'6""",NA,75.25,32.75,NA
NA,NA,NA,NA,NA,NA,NA,NA,NA,NA,NA,NA
Re,NA,NA,NA,NA,NA,"35.5""","9'10""",NA,NA,NA,NA
DL,"Atkins, John",6027,321,34,9 1/4,"24""","7'5""",DL,74.875,34,9.25
DL,"Bryan, Taven",6050,291,32 3/4,9 3/4,"35""","9'10""",DL,77,32.75,9.75
DL,"Fatukasi, Foley",6036,318,34 1/8,10 1/4,"30""","9'4""",DL,75.75,34.125,10.25
DL,"Frazier, Joshua",6027,321,34 1/4,10,NA,NA,DL,74.875,34.25,10
DL,"Green, Rasheem",6042,275,33 3/4,9 7/8,"32.5""","9'10""",DL,76.25,33.75,9.875
DL,"Henderson, Zay",6006,298,32 3/4,9 3/4,"29.5""","8'9""",DL,72.75,32.75,9.75
DL,"Hill, B.J.",6032,311,33,10 5/8,"26.5""","8'5""",DL,75.25,33,10.625
DL,"Hurst, Maurice",6012,292,32.0,9 1/2,NA,NA,DL,73.25,32,9.5
DL,"Jones, Justin",6024,309,33 1/2,10,"29""","8'8""",DL,74.5,33.5,10
DL,"Lotulelei, Lowell",6015,315,33,9 5/8,NA,NA,DL,73.625,33,9.625
DL,"McKenzie, Kahlil",6026,314,31 1/2,10 1/8,"29.5""","8'9""",DL,74.75,31.5,10.125
DL,"Nichols, Bilal",6036,306,33 3/8,10 1/4,NA,NA,DL,75.75,33.375,10.25
DL,"NNadi, Derrick",6010,317,33 1/2,9 7/8,"27""","8'0""",DL,73,33.5,9.875
DL,"Norton, Kendrick",6027,314,33 3/4,10 3/4,NA,NA,DL,74.875,33.75,10.75
DL,"Payne, Da'Ron",6024,311,33.0,9 3/8,"28.5""","8'11""",DL,74.5,33,9.375
DL,"Phillips, Harrison",6032,307,33 7/8,10 3/8,"32""","8'7""",DL,75.25,33.875,10.375
DL,"Senat, Deadrin",6000,314,31 5/8,9 3/4,"26""","8'4""",DL,72,31.625,9.75
DL,"Settle, Tim",6026,329,33,9 1/8,"23.5""","8'0""",DL,74.75,33,9.125
DL,"Shepherd, Nathan",6036,315,32 3/8,10 1/8,"31""","9'4""",DL,75.75,32.375,10.125
DL,"Stallworth, Taylor",6020,312,32 1/2,10 1/4,"23.5""","8'5""",DL,74,32.5,10.25
DL,"Thompson, Trent",6025,288,34,10 5/8,"32.5""","9'3""",DL,74.625,34,10.625
DL,"Vea, Vita",6040,347,32 5/8,10,NA,NA,DL,76,32.625,10
DL,"Wilson, Eddy",6026,301,33 7/8,9 3/8,NA,"8'0""",DL,74.75,33.875,9.375
DL,"Adeniyi, Ola",6011,248,31 6/8,9 5/8,"31.5""",NA,DL,73.125,31.75,9.625
DL,"Armstrong, Dorance",6035,257,34 3/4,10,"30""","9'10""",DL,75.625,34.75,10
DL,"Aruna, Ade",6045,262,34,10 5/8,"38.5""","10'8""",DL,76.625,34,10.625
DL,"Brown, Andrew",6033,296,34 1/2,9 3/8,"28""","8'5""",DL,75.375,34.5,9.375
DL,"Chubb, Bradley",6043,269,34,9 7/8,"36""","10'1""",DL,76.375,34,9.875
DL,"Davenport, Marcus",6056,264,33 5/8,9 1/8,"33.5""","10'4""",DL,77.75,33.625,9.125
DL,"Dickerson, Matt",6045,292,33 1/4,10,"31""",NA,DL,76.625,33.25,10
DL,"Ejiofor, Duke",6040,264,34 7/8,9 3/4,NA,NA,DL,76,34.875,9.75
DL,"Fitts, Kylie",6036,263,33,9 1/2,"32.5""","9'9""",DL,75.75,33,9.5
DL,"Franklin-Myers, John",6037,283,32 7/8,10,"33""","9'5""",DL,75.875,32.875,10
DL,"Hand, Da'Shawn",6035,297,34 3/8,9 6/8,"31.5""","9'3""",DL,75.625,34.375,9.75
DL,"Haynes, Marquis",6023,235,33 1/4,10,"32""","10'3""",DL,74.375,33.25,10
DL,"Holmes, Jalyn",6047,283,34,10,NA,NA,DL,76.875,34,10
DL,"Hubbard, Sam",6053,270,33 1/8,10,"35""","9'8""",DL,77.375,33.125,10
DL,"Key, Arden",6047,238,33 1/2,10,"31""","9'9""",DL,76.875,33.5,10
DL,"Landry, Harold",6023,252,32 7/8,9 3/8,"36""","9'11""",DL,74.375,32.875,9.375
DL,"Lewis, Tyquan",6032,269,33 3/4,10 3/8,"35.5""","10'2""",DL,75.25,33.75,10.375
DL,"Looney, James",6026,287,32,10 3/8,"35.5""","9'5""",DL,74.75,32,10.375
DL,"Mata'afa, Hercules",6022,254,31 1/2,10 1/4,"31.5""","9'0""",DL,74.25,31.5,10.25
DL,"McIntosh, R.J.",6044,286,33 7/8,9 3/8,NA,NA,DL,76.5,33.875,9.375
DL,"Rolland-Jones, Ja'Von",6017,253,32 3/4,10 1/8,NA,NA,DL,73.875,32.75,10.125
DL,"Rotimi, Bunmi",6031,273,34 7/8,9 3/4,"32""","9'5""",DL,75.125,34.875,9.75
DL,"Speaks, Breeland",6027,283,33 3/4,9 7/8,"32.5""","9'2""",DL,74.875,33.75,9.875
DL,"Street, Kentavius",6022,280,32 7/8,10 1/4,NA,NA,DL,74.25,32.875,10.25
DL,"Sweat, Josh",6046,251,34 5/8,10 1/4,"39.5""","10'4""",DL,76.75,34.625,10.25
DL,"Thomas, Chad",6050,281,33 1/2,10 1/4,"29""","9'8""",DL,77,33.5,10.25
DL,"Wicker, JoJo",6016,296,31 3/4,9 1/8,"30""","8'9""",DL,73.75,31.75,9.125
DL,"Winbush, Anthony",6012,249,32 1/8,9 1/4,NA,"9'2""",DL,73.25,32.125,9.25
DL,"Young, Trevon",6037,258,33 6/8,10,"33""","9'6""",DL,75.875,33.75,10
NA,NA,NA,NA,NA,NA,NA,NA,NA,NA,NA,NA
Hi,NA,6040,267.3,33 1/2,9 7/8,"33.5""","9'7""",NA,76,33.5,9.875
NA,NA,6027,308.4,33 1/4,"10""","29.3""","8'9""",NA,74.875,33.25,NA
NA,NA,NA,NA,NA,NA,NA,NA,NA,NA,NA,NA
Re,NA,NA,NA,NA,NA,"42""","11'1""",NA,NA,NA,NA
LB,"Avery, Genard",6004,248,31,10 1/8,"36""","10'4""",LB,72.5,31,10.125
LB,"Baker, Jerome",6011,229,31 1/2,10 3/8,"36.5""","10'6""",LB,73.125,31.5,10.375
LB,"Bellamy, Davin",6036,255,33 1/4,9 1/2,NA,NA,LB,75.75,33.25,9.5
LB,"Bierria, Keishawn",6003,230,31 1/8,9 3/8,"30.5""","9'9""",LB,72.375,31.125,9.375
LB,"Burks, Oren",6031,233,33 3/8,9 1/8,"39.5""","10'11""",LB,75.125,33.375,9.125
LB,"Cabinda, Jason",6010,239,32,9 5/8,NA,NA,LB,73,32,9.625
LB,"Carter, Lorenzo",6047,250,34,10 3/8,"36""","10'10""",LB,76.875,34,10.375
LB,"Cichy, Jack",6021,238,32 1/8,9 1/2,NA,NA,LB,74.125,32.125,9.5
LB,"Covington, Chris",6022,245,32 1/2,9 1/4,NA,NA,LB,74.25,32.5,9.25
LB,"DeLuca, Nick",6025,251,32 3/4,10 1/4,"29.5""","9'4""",LB,74.625,32.75,10.25
LB,"Dooley, Garret",6023,248,32 1/2,10 1/4,"33""","10'1""",LB,74.375,32.5,10.25
LB,"Edmunds, Tremaine",6044,253,34 1/2,9 3/8,NA,"9'9""",LB,76.5,34.5,9.375
LB,"Evans, Rashaan",6017,232,32 1/4,10,"30""","9'8""",LB,73.875,32.25,10
LB,"Griffin, Shaquem",6003,227,32 1/8,9,NA,"9'9""",LB,72.375,32.125,9
LB,"Hamilton, Shaun Dion",5116,228,31,10 1/4,NA,NA,LB,71.75,31,10.25
LB,"Hearns, James",6024,239,32 1/2,9 3/8,NA,NA,LB,74.5,32.5,9.375
LB,"Holland, Jeff",6013,249,33 1/2,10 1/2,NA,"9'8""",LB,73.375,33.5,10.5
LB,"Iyiegbuniwe, Joel",6013,229,32 5/8,10 1/4,"35""","9'9""",LB,73.375,32.625,10.25
LB,"Jackson, Darius",6022,242,32,9 1/8,"26.5""","9'5""",LB,74.25,32,9.125
LB,"Jacobs, Leon",6011,246,33 1/2,9 1/2,"34.5""","10'2""",LB,73.125,33.5,9.5
LB,"Jefferson, Malik",6022,236,32,9 5/8,"36""","10'5""",LB,74.25,32,9.625
LB,"Jewell, Josey",6010,234,32,10,"33""","9'9""",LB,73,32,10
LB,"Kalambayi, Peter",6025,252,33 1/2,9,"34""","10'1""",LB,74.625,33.5,9
LB,"Kiser, Micah",6003,238,32,9 3/8,"35.5""","10'1""",LB,72.375,32,9.375
LB,"Leonard, Darius",6020,234,34 3/8,10 1/4,NA,NA,LB,74,34.375,10.25
LB,"McCray, Mike",6011,243,32 5/8,9 1/8,"31.5""","9'11""",LB,73.125,32.625,9.125
LB,"Moore, Skai",6022,226,32,9 3/8,"36""","9'9""",LB,74.25,32,9.375
LB,"Nwosu, Uchenna",6021,251,33 5/8,9,"32""","9'11""",LB,74.125,33.625,9
LB,"O'Daniel, Dorian",6005,223,31 1/8,9,"32""","9'11""",LB,72.625,31.125,9
LB,"Okoronkwo, Obonnia",6015,253,33 3/4,9,"38""","10'1""",LB,73.625,33.75,9
LB,"Pugh, Jake",6033,246,34 3/8,10 1/8,"38.5""","10'2""",LB,75.375,34.375,10.125
LB,"Sam, Christian",6010,244,31 1/2,10,"32""","9'6""",LB,73,31.5,10
LB,"Scales, Tegray",6003,230,30 3/4,8 5/8,NA,NA,LB,72.375,30.75,8.625
LB,"Smith, Andre",5115,237,33 1/8,10,NA,NA,LB,71.625,33.125,10
LB,"Smith, Roquan",6007,236,32,10,NA,NA,LB,72.875,32,10
LB,"Thomas, Matthew",6026,232,33,8 7/8,"41.5""","10'11""",LB,74.75,33,8.875
LB,"Turay, Kemoko",6045,253,33 3/8,9 5/8,NA,NA,LB,76.625,33.375,9.625
LB,"Vander Esch, Leighton",6042,256,33 7/8,9 3/4,"39.5""","10'4""",LB,76.25,33.875,9.75
LB,"Victor, Azeem",6021,240,33,9 3/8,"32.5""","9'7""",LB,74.125,33,9.375
LB,"Warner, Fred",6033,236,32,9 3/4,"38.5""","9'11""",LB,75.375,32,9.75
LB,"Worley, Chris",6013,238,31 1/4,9 1/4,"29.5""",NA,LB,73.375,31.25,9.25
LB,"Young, Kenny",6010,236,32 3/8,9 1/2,"36""","9'9""",LB,73,32.375,9.5
NA,NA,NA,NA,NA,NA,NA,NA,NA,NA,NA,NA
NA,NA,NA,NA,NA,NA,NA,NA,NA,NA,NA,NA
Hi,NA,6020,242,32 3/8,9 5/8,"34.8""","9'9.5""",NA,74,32.375,9.625
NA,NA,6016,241,NA,NA,"33.4""","9'5.5""",NA,73.75,NA,NA
NA,NA,NA,NA,NA,NA,NA,NA,NA,NA,NA,NA
Re,NA,NA,NA,NA,NA,"42.5""","11'7""",NA,NA,NA,NA
DB,"Alexander, Jaire",5102,196,31 1/8,9 1/2,"35""","10'7""",DB,70.25,31.125,9.5
DB,"Averett, Anthony",5111,183,30 1/4,8 1/2,"31.5""","9'11""",DB,71.125,30.25,8.5
DB,"Brown, Tony",5117,199,31 1/2,9 1/4,"31.5""","10'6""",DB,71.875,31.5,9.25
DB,"Campbell, Chris",6006,195,33 1/2,8 3/4,NA,NA,DB,72.75,33.5,8.75
DB,"Chachere, Andre",5116,197,31 3/8,9 7/8,"38""","10'3""",DB,71.75,31.375,9.875
DB,"Davis, Carlton",6010,206,32 3/4,8 1/2,"34""","10'4""",DB,73,32.75,8.5
DB,"Dawson, Duke",5105,197,31 1/2,9,NA,NA,DB,70.625,31.5,9
DB,"Delaney, Dee",5114,200,30 1/2,9 3/4,"32.5""","10'0""",DB,71.5,30.5,9.75
DB,"Facyson, Brandon",6014,203,32 5/8,9 3/4,NA,NA,DB,73.5,32.625,9.75
DB,"Fant, Rashard",5094,179,30,8 7/8,NA,NA,DB,69.5,30,8.875
DB,"Gaulden, Rashaan",6006,197,30 3/4,9 3/4,"30""","9'11""",DB,72.75,30.75,9.75
DB,"Haley, Grant",5092,190,29 3/4,9 1/8,"34""","9'11""",DB,69.25,29.75,9.125
DB,"Harris, Davontae",5113,205,31 1/8,8 3/4,"32.5""","10'3""",DB,71.375,31.125,8.75
DB,"Hill, Holton",6015,196,32,9 5/8,"31""","10'0""",DB,73.625,32,9.625
DB,"Hughes, Mike",5101,189,30 7/8,8 3/4,"35.5""","10'7""",DB,70.125,30.875,8.75
DB,"Jackson, Donte",5104,178,29 1/2,8 3/4,NA,"10'4""",DB,70.5,29.5,8.75
DB,"Jackson, J.C.",5096,201,31 1/2,8 1/8,"35.5""","10'0""",DB,69.75,31.5,8.125
DB,"Jackson, Joshua",6003,196,31 1/8,9 3/8,"38""","10'3""",DB,72.375,31.125,9.375
DB,"Johnson, Danny",5092,181,31 1/8,9 1/4,"35""","10'3""",DB,69.25,31.125,9.25
DB,"Johnson, Taron",5111,192,30 7/8,9 1/8,"33""","9'10""",DB,71.125,30.875,9.125
DB,"Jones, Chris",5117,200,32 3/4,9 3/4,NA,NA,DB,71.875,32.75,9.75
DB,"Joseph, Michael",6005,187,30 1/4,8 5/8,"34""",NA,DB,72.625,30.25,8.625
DB,"King, Jamarcus",6006,185,32 7/8,9 1/8,NA,NA,DB,72.75,32.875,9.125
DB,"Maddox, Avonte",5091,184,29 1/2,8 3/4,"37""","10'5""",DB,69.125,29.5,8.75
DB,"McFadden, Tarvarus",6022,204,32 1/2,10 3/8,"38.5""","10'1""",DB,74.25,32.5,10.375
DB,"Meeks, Quenton",6010,209,31 3/4,10 1/4,"39""","10'8""",DB,73,31.75,10.25
DB,"Moore, Kamren",5104,202,31 3/8,9,NA,NA,DB,70.5,31.375,9
DB,"Nelson, Nick",5105,200,30 3/4,9 1/4,NA,"10'3""",DB,70.625,30.75,9.25
DB,"Nickerson, Perry",5103,182,30 1/4,8 1/4,NA,NA,DB,70.375,30.25,8.25
DB,"Oliver, Isaiah",6002,201,33 1/2,9 3/4,NA,NA,DB,72.25,33.5,9.75
DB,"Phillips, Darius",5097,193,31 1/2,9 1/8,NA,NA,DB,69.875,31.5,9.125
DB,"Reed, D.J.",5091,188,31 5/8,10,"36.5""",NA,DB,69.125,31.625,10
DB,"Stewart, M.J.",5107,200,31 1/4,9 1/4,"35""","9'10""",DB,70.875,31.25,9.25
DB,"Stroman, Greg",5110,182,29 7/8,8 3/4,"33.5""","9'5""",DB,71,29.875,8.75
DB,"Sullivan, Chandon",5106,194,32 3/8,9,"40.5""","11'2""",DB,70.75,32.375,9
DB,"Thomas, Jordan",6001,187,32,9 1/2,"38""","10'4""",DB,72.125,32,9.5
DB,"Toliver, Henré",6003,188,30 7/8,9,"32.5""","9'9""",DB,72.375,30.875,9
DB,"Toliver, Kevin",6020,192,30 1/8,9 3/8,"33""","10'0""",DB,74,30.125,9.375
DB,"Wade, D'Montre",5111,206,32 3/8,9 7/8,"35.5""","10'0""",DB,71.125,32.375,9.875
DB,"Wallace, Levi",6002,179,32 3/4,9 3/8,"33""",NA,DB,72.25,32.75,9.375
DB,"Ward, Denzel",5107,183,31 1/4,8 3/4,"39""","11'4""",DB,70.875,31.25,8.75
DB,"Yiadom, Isaac",6007,190,32 1/4,8 7/8,NA,"10'0""",DB,72.875,32.25,8.875
DB,"Allen, Marcus",6021,215,30 5/8,9 1/8,"37""","10'7""",DB,74.125,30.625,9.125
DB,"Apke, Troy",6012,200,32 3/8,8 3/8,"41""","10'11""",DB,73.25,32.375,8.375
DB,"Bates, Jessie",6011,200,31 5/8,9 3/4,"35.5""","9'9""",DB,73.125,31.625,9.75
DB,"Blanding, Quin",6020,207,31 3/4,8 3/8,"31.5""","10'2""",DB,74,31.75,8.375
DB,"Chandler, Sean",5104,205,30 3/4,8 1/4,"34.5""","9'11""",DB,70.5,30.75,8.25
DB,"Cruikshank, Dane",6012,209,31,8 3/4,"38.5""","10'1""",DB,73.25,31,8.75
DB,"Edmunds, Terrell",6004,217,32 3/4,10 1/2,"41.5""","11'2""",DB,72.5,32.75,10.5
DB,"Elliott, Deshon",6007,210,32 1/4,10 1/2,"36""","10'1""",DB,72.875,32.25,10.5
DB,"Fitzpatrick, Minkah",6001,204,31 1/4,9 3/8,"33""","10'1""",DB,72.125,31.25,9.375
DB,"Flowers, Tre",6032,202,33 7/8,9,"34.5""",10'2',DB,75.25,33.875,9
DB,"Harris, Marcell",6006,216,32,8 5/8,NA,NA,DB,72.75,32,8.625
DB,"Harrison, Ronnie",6020,207,33 3/8,9 1/2,"34""","10'0""",DB,74,33.375,9.5
DB,"Igwebuike, Godwin",5113,213,31 1/4,9 3/4,"35.5""","10'8""",DB,71.375,31.25,9.75
DB,"Jamerson, Natrell",5105,201,32 5/8,9 3/4,"35.5""","10'0""",DB,70.625,32.625,9.75
DB,"James, Derwin",6016,215,33,9 1/2,"40""","11'0""",DB,73.75,33,9.5
DB,"Kalu, Joshua",6002,203,32 3/4,10,"41.5""","11'2""",DB,72.25,32.75,10
DB,"Kelly, Kameron",6015,204,31 3/4,8 7/8,"33""","10'0""",DB,73.625,31.75,8.875
DB,"Neal, Siran",6000,206,31 1/8,9 7/8,"40.5""","10'2""",DB,72,31.125,9.875
DB,"Redfield, Max",6010,199,30,9 1/4,NA,NA,DB,73,30,9.25
DB,"Reid, Justin",6004,207,31 5/8,9 3/4,"36.5""","10'8""",DB,72.5,31.625,9.75
DB,"Roberts, Stephen",5112,186,31 3/8,8 7/8,"34""","10'1""",DB,71.25,31.375,8.875
DB,"Sanders, Dominick",5112,193,30 5/8,9 1/4,NA,NA,DB,71.25,30.625,9.25
DB,"Smith, Van",5107,186,30 1/8,8 3/4,"29.5""",NA,DB,70.875,30.125,8.75
DB,"Walker, Trey",6007,206,33 1/2,8 3/4,"33""","9'11""",DB,72.875,33.5,8.75
DB,"Watts, Armani",5104,202,31,8 3/4,"35""","10'0""",DB,70.5,31,8.75
DB,"Webb, Damon",5106,209,31 1/4,8 1/8,NA,NA,DB,70.75,31.25,8.125
DB,"White, Kyzir",6017,218,31 5/8,10 1/8,"35.5""","9'5""",DB,73.875,31.625,10.125
DB,"Whitehead, Jordan",5103,198,29 3/4,8 1/2,NA,NA,DB,70.375,29.75,8.5
NA,NA,NA,NA,NA,NA,NA,NA,NA,NA,NA,NA
Hi,NA,5115,195.8,31 3/8,9 1/8,"36.3""","10'2""",NA,71.625,31.375,9.125
NA,NA,6005,208.7,31 5/8,9 3/8,"36.2""","10'1/2""",NA,72.625,31.625,9.375
NA,NA,NA,NA,NA,NA,NA,NA,NA,NA,NA,NA
Re,NA,NA,NA,NA,NA,"45""","12'3""",NA,NA,NA,NA
NA,NA,NA,NA,NA,NA,"44""","11'9""",NA,NA,NA,NA
PK,"Badgley, Mike",5100,183,"29""",8 3/4,NA,"9'3""",SPEC,70,NA,8.75
PK,"Brown, Drew",5100,208,"29""",8 3/8,NA,NA,SPEC,70,NA,8.375
PK,"Carlson, Daniel",6050,213,"32""",9 3/4,NA,NA,SPEC,77,NA,9.75
PK,"Daniel, Trevor",6014,230,31 1/2,9 3/8,"32.5""","9'11""",SPEC,73.5,31.5,9.375
PK,"Davidson, Joseph",6070,232,32 1/4,8 1/2,NA,NA,SPEC,79,32.25,8.5
PK,"Dickson, Michael",6020,208,31 1/4,9 1/4,NA,NA,SPEC,74,31.25,9.25
PK,"Pineiro, Eddy",6000,185,29 7/8,8 1/4,NA,NA,SPEC,72,29.875,8.25
PK,"Scott, J.K.",6055,208,33 1/8,9 1/8,"30.5""","9'6""",SPEC,77.625,33.125,9.125
PK,"Townsend, Johnny",6010,210,30 5/8,9 1/2,NA,NA,SPEC,73,30.625,9.5
PK,"Tripucka, Shane",6030,211,31 1/2,9 3/4,NA,NA,SPEC,75,31.5,9.75
PK,"Winslow, Ryan",6050,217,30 1/4,8 5/8,NA,NA,SPEC,77,30.25,8.625
NA,NA,NA,NA,NA,NA,NA,NA,NA,NA,NA,NA
ST,"Carew, Tanner",6012,243,NA,NA,NA,NA,SPEC,73.25,NA,NA
